date,ADEFNO,ADEFNO_diff,IPB52300S,IPB52300S_diff,FDEFX,FDEFX_diff,ADEFNO_lag_1,ADEFNO_lag_3,ADEFNO_lag_6,ADEFNO_lag_9,ADEFNO_lag_12,ADEFNO_lag_18,ADEFNO_lag_24,ADEFNO_diff_lag_1,ADEFNO_diff_lag_3,IPB52300S_diff_lag_1,IPB52300S_diff_lag_2,IPB52300S_diff_lag_3,IPB52300S_diff_lag_4,IPB52300S_diff_lag_5,IPB52300S_diff_lag_6,fdefx_lag_1,fdefx_lag_2,fdefx_lag_3,fdefx_lag_4,fdefx_lag_5,fdefx_lag_6,fdefx_rolling_3m_mean,fdefx_rolling_6m_mean,fdefx_rolling_12m_mean,month,quarter,is_q4
2002-02-01,8371,4261.0,74.1653,-0.4376000000000033,440.905,0.0,4110.0,5702.0,5182.0,6226.0,5347.0,5570.0,5162.0,-2250.0,-12442.0,-0.6113999999999891,-0.0439000000000078,-0.8297999999999917,-0.0076999999999998,0.5057999999999936,-1.0563999999999965,440.905,422.75,422.75,422.75,415.419,415.419,428.8016666666667,423.33216666666664,416.1991666666666,2,1,0
2002-03-01,8821,450.0,73.8769,-0.2883999999999957,440.905,0.0,8371.0,6360.0,7592.0,5034.0,8269.0,4392.0,3773.0,4261.0,658.0,-0.4376000000000033,-0.6113999999999891,-0.0439000000000078,-0.8297999999999917,-0.0076999999999998,0.5057999999999936,440.905,440.905,422.75,422.75,422.75,415.419,434.8533333333333,427.5798333333333,419.2365833333333,3,1,0
2002-04-01,6438,-2383.0,73.9999,0.1229999999999904,452.478,11.573000000000036,8821.0,4110.0,18144.0,5864.0,5687.0,4862.0,3568.0,450.0,-2250.0,-0.2883999999999957,-0.4376000000000033,-0.6113999999999891,-0.0439000000000078,-0.8297999999999917,-0.0076999999999998,440.905,440.905,440.905,422.75,422.75,422.75,440.905,431.82750000000004,422.27400000000006,4,2,0
2002-05-01,5231,-1207.0,73.87,-0.1298999999999921,452.478,0.0,6438.0,8371.0,5702.0,5182.0,6226.0,6511.0,5023.0,-2383.0,4261.0,0.1229999999999904,-0.2883999999999957,-0.4376000000000033,-0.6113999999999891,-0.0439000000000078,-0.8297999999999917,452.478,440.905,440.905,440.905,422.75,422.75,444.7626666666667,436.7821666666667,425.81200000000007,5,2,0
2002-06-01,6104,873.0,74.6793,0.8092999999999932,452.478,0.0,5231.0,8821.0,6360.0,7592.0,5034.0,2580.0,25893.0,-1207.0,450.0,-0.1298999999999921,0.1229999999999904,-0.2883999999999957,-0.4376000000000033,-0.6113999999999891,-0.0439000000000078,452.478,452.478,440.905,440.905,440.905,422.75,448.6203333333333,441.7368333333334,429.34999999999997,6,2,0
2002-07-01,5596,-508.0,75.0536,0.3743000000000052,460.19,7.711999999999989,6104.0,6438.0,4110.0,18144.0,5864.0,4326.0,4826.0,873.0,-2383.0,0.8092999999999932,-0.1298999999999921,0.1229999999999904,-0.2883999999999957,-0.4376000000000033,-0.6113999999999891,452.478,452.478,452.478,440.905,440.905,440.905,452.478,446.6915000000001,432.8879999999999,7,3,0
2002-08-01,6988,1392.0,75.3224,0.2687999999999988,460.19,0.0,5596.0,5231.0,8371.0,5702.0,5182.0,5347.0,5570.0,-508.0,-1207.0,0.3743000000000052,0.8092999999999932,-0.1298999999999921,0.1229999999999904,-0.2883999999999957,-0.4376000000000033,460.19,452.478,452.478,452.478,440.905,440.905,455.04866666666663,449.9056666666666,436.6189166666666,8,3,0
2002-09-01,7189,201.0,76.3442,1.021799999999999,460.19,0.0,6988.0,6104.0,8821.0,6360.0,7592.0,8269.0,4392.0,1392.0,873.0,0.2687999999999988,0.3743000000000052,0.8092999999999932,-0.1298999999999921,0.1229999999999904,-0.2883999999999957,460.19,460.19,452.478,452.478,452.478,440.905,457.6193333333333,453.11983333333336,440.34983333333327,9,3,0
2002-10-01,4573,-2616.0,77.4374,1.093199999999996,482.157,21.966999999999985,7189.0,5596.0,6438.0,4110.0,18144.0,5687.0,4862.0,201.0,-508.0,1.021799999999999,0.2687999999999988,0.3743000000000052,0.8092999999999932,-0.1298999999999921,0.1229999999999904,460.19,460.19,460.19,452.478,452.478,452.478,460.19,456.334,444.08075,10,4,1
2002-11-01,5744,1171.0,77.0158,-0.421599999999998,482.157,0.0,4573.0,6988.0,5231.0,8371.0,5702.0,6226.0,6511.0,-2616.0,1392.0,1.093199999999996,1.021799999999999,0.2687999999999988,0.3743000000000052,0.8092999999999932,-0.1298999999999921,482.157,460.19,460.19,460.19,452.478,452.478,467.5123333333333,461.2805,449.03133333333335,11,4,1
2002-12-01,7032,1288.0,79.8112,2.7954000000000008,482.157,0.0,5744.0,7189.0,6104.0,8821.0,6360.0,5034.0,2580.0,1171.0,201.0,-0.421599999999998,1.093199999999996,1.021799999999999,0.2687999999999988,0.3743000000000052,0.8092999999999932,482.157,482.157,460.19,460.19,460.19,452.478,474.83466666666664,466.2269999999999,453.9819166666666,12,4,1
2003-01-01,7315,283.0,79.6898,-0.1213999999999941,494.975,12.81800000000004,7032.0,4573.0,5596.0,6438.0,4110.0,5864.0,4326.0,1288.0,-2616.0,2.7954000000000008,-0.421599999999998,1.093199999999996,1.021799999999999,0.2687999999999988,0.3743000000000052,482.157,482.157,482.157,460.19,460.19,460.19,482.157,471.17350000000005,458.93249999999995,1,1,0
2003-02-01,8728,1413.0,80.8998,1.2099999999999935,494.975,0.0,7315.0,5744.0,6988.0,5231.0,8371.0,5182.0,5347.0,283.0,1171.0,-0.1213999999999941,2.7954000000000008,-0.421599999999998,1.093199999999996,1.021799999999999,0.2687999999999988,494.975,482.157,482.157,482.157,460.19,460.19,486.42966666666666,476.971,463.43833333333333,2,1,0
2003-03-01,8107,-621.0,80.8643,-0.0354999999999989,494.975,0.0,8728.0,7032.0,7189.0,6104.0,8821.0,7592.0,8269.0,1413.0,1288.0,1.2099999999999935,-0.1213999999999941,2.7954000000000008,-0.421599999999998,1.093199999999996,1.021799999999999,494.975,494.975,482.157,482.157,482.157,460.19,490.70233333333334,482.76849999999996,467.94416666666666,3,1,0
2003-04-01,9494,1387.0,80.5212,-0.3431000000000068,521.93,26.954999999999927,8107.0,7315.0,4573.0,5596.0,6438.0,18144.0,5687.0,-621.0,283.0,-0.0354999999999989,1.2099999999999935,-0.1213999999999941,2.7954000000000008,-0.421599999999998,1.093199999999996,494.975,494.975,494.975,482.157,482.157,482.157,494.975,488.56600000000003,472.45,4,2,0
2003-05-01,8817,-677.0,81.0358,0.5146000000000015,521.93,0.0,9494.0,8728.0,5744.0,6988.0,5231.0,5702.0,6226.0,1387.0,1413.0,-0.3431000000000068,-0.0354999999999989,1.2099999999999935,-0.1213999999999941,2.7954000000000008,-0.421599999999998,521.93,494.975,494.975,494.975,482.157,482.157,503.96000000000004,495.1948333333333,478.23766666666666,5,2,0
2003-06-01,7363,-1454.0,80.9166,-0.1191999999999922,521.93,0.0,8817.0,8107.0,7032.0,7189.0,6104.0,6360.0,5034.0,-677.0,-621.0,0.5146000000000015,-0.3431000000000068,-0.0354999999999989,1.2099999999999935,-0.1213999999999941,2.7954000000000008,521.93,521.93,494.975,494.975,494.975,482.157,512.945,501.82366666666667,484.02533333333326,6,2,0
2003-07-01,7269,-94.0,80.4874,-0.4292000000000087,524.011,2.0810000000000173,7363.0,9494.0,7315.0,4573.0,5596.0,4110.0,5864.0,-1454.0,1387.0,-0.1191999999999922,0.5146000000000015,-0.3431000000000068,-0.0354999999999989,1.2099999999999935,-0.1213999999999941,521.93,521.93,521.93,494.975,494.975,494.975,521.93,508.45250000000004,489.81299999999993,7,3,0
2003-08-01,9277,2008.0,80.7072,0.2198000000000064,524.011,0.0,7269.0,8817.0,8728.0,5744.0,6988.0,8371.0,5182.0,-94.0,-677.0,-0.4292000000000087,-0.1191999999999922,0.5146000000000015,-0.3431000000000068,-0.0354999999999989,1.2099999999999935,524.011,521.93,521.93,521.93,494.975,494.975,522.6236666666666,513.2918333333333,495.1314166666666,8,3,0
2003-09-01,7508,-1769.0,80.8649,0.1577000000000055,524.011,0.0,9277.0,7363.0,8107.0,7032.0,7189.0,8821.0,7592.0,2008.0,-1454.0,0.2198000000000064,-0.4292000000000087,-0.1191999999999922,0.5146000000000015,-0.3431000000000068,-0.0354999999999989,524.011,524.011,521.93,521.93,521.93,494.975,523.3173333333333,518.1311666666666,500.44983333333334,9,3,0
2003-10-01,8815,1307.0,80.6847,-0.1801999999999992,543.967,19.956000000000017,7508.0,7269.0,9494.0,7315.0,4573.0,6438.0,18144.0,-1769.0,-94.0,0.1577000000000055,0.2198000000000064,-0.4292000000000087,-0.1191999999999922,0.5146000000000015,-0.3431000000000068,524.011,524.011,524.011,521.93,521.93,521.93,524.011,522.9704999999999,505.7682499999999,10,4,1
2003-11-01,7268,-1547.0,80.1333,-0.551400000000001,543.967,0.0,8815.0,9277.0,8817.0,8728.0,5744.0,5231.0,5702.0,1307.0,2008.0,-0.1801999999999992,0.1577000000000055,0.2198000000000064,-0.4292000000000087,-0.1191999999999922,0.5146000000000015,543.967,524.011,524.011,524.011,521.93,521.93,530.663,526.6433333333333,510.9190833333333,11,4,1
2003-12-01,10311,3043.0,78.2466,-1.8867000000000047,543.967,0.0,7268.0,7508.0,7363.0,8107.0,7032.0,6104.0,6360.0,-1547.0,-1769.0,-0.551400000000001,-0.1801999999999992,0.1577000000000055,0.2198000000000064,-0.4292000000000087,-0.1191999999999922,543.967,543.967,524.011,524.011,524.011,521.93,537.3149999999999,530.3161666666666,516.0699166666667,12,4,1
2004-01-01,9652,-659.0,75.9316,-2.3149999999999977,556.149,12.182000000000016,10311.0,8815.0,7269.0,9494.0,7315.0,5596.0,4110.0,3043.0,1307.0,-1.8867000000000047,-0.551400000000001,-0.1801999999999992,0.1577000000000055,0.2198000000000064,-0.4292000000000087,543.967,543.967,543.967,524.011,524.011,524.011,543.967,533.9889999999999,521.2207500000001,1,1,0
2004-02-01,9114,-538.0,77.3544,1.4227999999999952,556.149,0.0,9652.0,7268.0,9277.0,8817.0,8728.0,6988.0,8371.0,-659.0,-1547.0,-2.3149999999999977,-1.8867000000000047,-0.551400000000001,-0.1801999999999992,0.1577000000000055,0.2198000000000064,556.149,543.967,543.967,543.967,524.011,524.011,548.0276666666666,539.3453333333333,526.3185833333333,2,1,0
2004-03-01,8360,-754.0,77.6461,0.2917000000000058,556.149,0.0,9114.0,10311.0,7508.0,7363.0,8107.0,7189.0,8821.0,-538.0,3043.0,1.4227999999999952,-2.3149999999999977,-1.8867000000000047,-0.551400000000001,-0.1801999999999992,0.1577000000000055,556.149,556.149,543.967,543.967,543.967,524.011,552.0883333333333,544.7016666666666,531.4164166666667,3,1,0
2004-04-01,9152,792.0,77.6133,-0.0328000000000088,562.839,6.690000000000055,8360.0,9652.0,8815.0,7269.0,9494.0,4573.0,6438.0,-754.0,-659.0,0.2917000000000058,1.4227999999999952,-2.3149999999999977,-1.8867000000000047,-0.551400000000001,-0.1801999999999992,556.149,556.149,556.149,543.967,543.967,543.967,556.149,550.058,536.5142500000001,4,2,0
2004-05-01,6734,-2418.0,78.137,0.5237000000000052,562.839,0.0,9152.0,9114.0,7268.0,9277.0,8817.0,5744.0,5231.0,792.0,-538.0,-0.0328000000000088,0.2917000000000058,1.4227999999999952,-2.3149999999999977,-1.8867000000000047,-0.551400000000001,562.839,556.149,556.149,556.149,543.967,543.967,558.379,553.2033333333334,539.9233333333333,5,2,0
2004-06-01,8963,2229.0,77.2584,-0.8786000000000058,562.839,0.0,6734.0,8360.0,10311.0,7508.0,7363.0,7032.0,6104.0,-2418.0,-754.0,0.5237000000000052,-0.0328000000000088,0.2917000000000058,1.4227999999999952,-2.3149999999999977,-1.8867000000000047,562.839,562.839,556.149,556.149,556.149,543.967,560.609,556.3486666666666,543.3324166666667,6,2,0
2004-07-01,8434,-529.0,78.6362,1.3778000000000077,580.699,17.8599999999999,8963.0,9152.0,9652.0,8815.0,7269.0,7315.0,5596.0,2229.0,792.0,-0.8786000000000058,0.5237000000000052,-0.0328000000000088,0.2917000000000058,1.4227999999999952,-2.3149999999999977,562.839,562.839,562.839,556.149,556.149,556.149,562.839,559.494,546.7415,7,3,0
2004-08-01,6289,-2145.0,79.2631,0.626899999999992,580.699,0.0,8434.0,6734.0,9114.0,7268.0,9277.0,8728.0,6988.0,-529.0,-2418.0,1.3778000000000077,-0.8786000000000058,0.5237000000000052,-0.0328000000000088,0.2917000000000058,1.4227999999999952,580.699,562.839,562.839,562.839,556.149,556.149,568.7923333333334,563.5856666666667,551.4655,8,3,0
2004-09-01,8748,2459.0,80.8067,1.543600000000012,580.699,0.0,6289.0,8963.0,8360.0,10311.0,7508.0,8107.0,7189.0,-2145.0,2229.0,0.626899999999992,1.3778000000000077,-0.8786000000000058,0.5237000000000052,-0.0328000000000088,0.2917000000000058,580.699,580.699,562.839,562.839,562.839,556.149,574.7456666666667,567.6773333333334,556.1895000000001,9,3,0
2004-10-01,8883,135.0,80.5931,-0.2135999999999995,579.825,-0.87399999999991,8748.0,8434.0,9152.0,9652.0,8815.0,9494.0,4573.0,2459.0,-529.0,1.543600000000012,0.626899999999992,1.3778000000000077,-0.8786000000000058,0.5237000000000052,-0.0328000000000088,580.699,580.699,580.699,562.839,562.839,562.839,580.699,571.7689999999999,560.9135,10,4,1
2004-11-01,7674,-1209.0,81.3533,0.7601999999999975,579.825,0.0,8883.0,6289.0,6734.0,9114.0,7268.0,8817.0,5744.0,135.0,-2145.0,-0.2135999999999995,1.543600000000012,0.626899999999992,1.3778000000000077,-0.8786000000000058,0.5237000000000052,579.825,580.699,580.699,580.699,562.839,562.839,580.4076666666666,574.6,563.9016666666666,11,4,1
2004-12-01,6971,-703.0,82.3078,0.954499999999996,579.825,0.0,7674.0,8748.0,8963.0,8360.0,10311.0,7363.0,7032.0,-1209.0,2459.0,0.7601999999999975,-0.2135999999999995,1.543600000000012,0.626899999999992,1.3778000000000077,-0.8786000000000058,579.825,579.825,580.699,580.699,580.699,562.839,580.1163333333333,577.431,566.8898333333333,12,4,1
2005-01-01,6483,-488.0,82.1112,-0.1966000000000036,598.417,18.591999999999985,6971.0,8883.0,8434.0,9152.0,9652.0,7269.0,7315.0,-703.0,135.0,0.954499999999996,0.7601999999999975,-0.2135999999999995,1.543600000000012,0.626899999999992,1.3778000000000077,579.825,579.825,579.825,580.699,580.699,580.699,579.825,580.2620000000001,569.878,1,1,0
2005-02-01,6846,363.0,85.1807,3.069500000000005,598.417,0.0,6483.0,7674.0,6289.0,6734.0,9114.0,9277.0,8728.0,-488.0,-1209.0,-0.1966000000000036,0.954499999999996,0.7601999999999975,-0.2135999999999995,1.543600000000012,0.626899999999992,598.417,579.825,579.825,579.825,580.699,580.699,586.0223333333333,583.215,573.4003333333334,2,1,0
2005-03-01,5859,-987.0,86.888,1.7073000000000036,598.417,0.0,6846.0,6971.0,8748.0,8963.0,8360.0,7508.0,8107.0,363.0,-703.0,3.069500000000005,-0.1966000000000036,0.954499999999996,0.7601999999999975,-0.2135999999999995,1.543600000000012,598.417,598.417,579.825,579.825,579.825,580.699,592.2196666666667,586.168,576.9226666666667,3,1,0
2005-04-01,6747,888.0,88.2395,1.3515000000000017,605.982,7.564999999999941,5859.0,6483.0,8883.0,8434.0,9152.0,8815.0,9494.0,-987.0,-488.0,1.7073000000000036,3.069500000000005,-0.1966000000000036,0.954499999999996,0.7601999999999975,-0.2135999999999995,598.417,598.417,598.417,579.825,579.825,579.825,598.417,589.1210000000001,580.445,4,2,0
2005-05-01,7633,886.0,87.584,-0.6555000000000035,605.982,0.0,6747.0,6846.0,7674.0,6289.0,6734.0,7268.0,8817.0,888.0,363.0,1.3515000000000017,1.7073000000000036,3.069500000000005,-0.1966000000000036,0.954499999999996,0.7601999999999975,605.982,598.417,598.417,598.417,579.825,579.825,600.9386666666668,593.4805,584.04025,5,2,0
2005-06-01,8951,1318.0,88.3059,0.7218999999999909,605.982,0.0,7633.0,5859.0,6971.0,8748.0,8963.0,10311.0,7363.0,886.0,-987.0,-0.6555000000000035,1.3515000000000017,1.7073000000000036,3.069500000000005,-0.1966000000000036,0.954499999999996,605.982,605.982,598.417,598.417,598.417,579.825,603.4603333333333,597.84,587.6355,6,2,0
2005-07-01,6365,-2586.0,87.6683,-0.637599999999992,616.39,10.408000000000015,8951.0,6747.0,6483.0,8883.0,8434.0,9652.0,7269.0,1318.0,888.0,0.7218999999999909,-0.6555000000000035,1.3515000000000017,1.7073000000000036,3.069500000000005,-0.1966000000000036,605.982,605.982,605.982,598.417,598.417,598.417,605.982,602.1995000000001,591.2307500000001,7,3,0
2005-08-01,6222,-143.0,88.638,0.9697000000000032,616.39,0.0,6365.0,7633.0,6846.0,7674.0,6289.0,9114.0,9277.0,-2586.0,886.0,-0.637599999999992,0.7218999999999909,-0.6555000000000035,1.3515000000000017,1.7073000000000036,3.069500000000005,616.39,605.982,605.982,605.982,598.417,598.417,609.4513333333333,605.195,594.205,8,3,0
2005-09-01,6790,568.0,85.4203,-3.217700000000008,616.39,0.0,6222.0,8951.0,5859.0,6971.0,8748.0,8360.0,7508.0,-143.0,1318.0,0.9697000000000032,-0.637599999999992,0.7218999999999909,-0.6555000000000035,1.3515000000000017,1.7073000000000036,616.39,616.39,605.982,605.982,605.982,598.417,612.9206666666665,608.1904999999999,597.17925,9,3,0
2005-10-01,7851,1061.0,85.7274,0.3071000000000055,616.96,0.57000000000005,6790.0,6365.0,6747.0,6483.0,8883.0,9152.0,8815.0,568.0,-2586.0,-3.217700000000008,0.9697000000000032,-0.637599999999992,0.7218999999999909,-0.6555000000000035,1.3515000000000017,616.39,616.39,616.39,605.982,605.982,605.982,616.39,611.186,600.1535,10,4,1
2005-11-01,5670,-2181.0,86.1341,0.4067000000000007,616.96,0.0,7851.0,6222.0,7633.0,6846.0,7674.0,6734.0,7268.0,1061.0,-143.0,0.3071000000000055,-3.217700000000008,0.9697000000000032,-0.637599999999992,0.7218999999999909,-0.6555000000000035,616.96,616.39,616.39,616.39,605.982,605.982,616.58,613.0156666666667,603.2480833333334,11,4,1
2005-12-01,7127,1457.0,86.5093,0.3751999999999924,616.96,0.0,5670.0,6790.0,8951.0,5859.0,6971.0,8963.0,10311.0,-2181.0,568.0,0.4067000000000007,0.3071000000000055,-3.217700000000008,0.9697000000000032,-0.637599999999992,0.7218999999999909,616.96,616.96,616.39,616.39,616.39,605.982,616.77,614.8453333333333,606.3426666666666,12,4,1
2006-01-01,3321,-3806.0,84.3663,-2.1430000000000007,635.719,18.75900000000001,7127.0,7851.0,6365.0,6747.0,6483.0,8434.0,9652.0,1457.0,1061.0,0.3751999999999924,0.4067000000000007,0.3071000000000055,-3.217700000000008,0.9697000000000032,-0.637599999999992,616.96,616.96,616.96,616.39,616.39,616.39,616.96,616.6750000000001,609.43725,1,1,0
2006-02-01,9688,6367.0,85.3576,0.9913000000000096,635.719,0.0,3321.0,5670.0,6222.0,7633.0,6846.0,6289.0,9114.0,-3806.0,-2181.0,-2.1430000000000007,0.3751999999999924,0.4067000000000007,0.3071000000000055,-3.217700000000008,0.9697000000000032,635.719,616.96,616.96,616.96,616.39,616.39,623.2130000000001,619.8965,612.5457500000001,2,1,0
2006-03-01,9050,-638.0,83.2007,-2.156900000000008,635.719,0.0,9688.0,7127.0,6790.0,8951.0,5859.0,8748.0,8360.0,6367.0,1457.0,0.9913000000000096,-2.1430000000000007,0.3751999999999924,0.4067000000000007,0.3071000000000055,-3.217700000000008,635.719,635.719,616.96,616.96,616.96,616.39,629.466,623.118,615.65425,3,1,0
2006-04-01,7691,-1359.0,83.6854,0.4847000000000037,639.956,4.236999999999966,9050.0,3321.0,7851.0,6365.0,6747.0,8883.0,9152.0,-638.0,-3806.0,-2.156900000000008,0.9913000000000096,-2.1430000000000007,0.3751999999999924,0.4067000000000007,0.3071000000000055,635.719,635.719,635.719,616.96,616.96,616.96,635.719,626.3395,618.76275,4,2,0
2006-05-01,6877,-814.0,83.2512,-0.4342000000000041,639.956,0.0,7691.0,9688.0,5670.0,6222.0,7633.0,7674.0,6734.0,-1359.0,6367.0,0.4847000000000037,-2.156900000000008,0.9913000000000096,-2.1430000000000007,0.3751999999999924,0.4067000000000007,639.956,635.719,635.719,635.719,616.96,616.96,637.1313333333334,630.1721666666666,621.5939166666666,5,2,0
2006-06-01,10762,3885.0,84.0647,0.8135000000000048,639.956,0.0,6877.0,9050.0,7127.0,6790.0,8951.0,6971.0,8963.0,-814.0,-638.0,-0.4342000000000041,0.4847000000000037,-2.156900000000008,0.9913000000000096,-2.1430000000000007,0.3751999999999924,639.956,639.956,635.719,635.719,635.719,616.96,638.5436666666667,634.0048333333334,624.4250833333333,6,2,0
2006-07-01,7115,-3647.0,85.7329,1.6681999999999988,632.375,-7.581000000000017,10762.0,7691.0,3321.0,7851.0,6365.0,6483.0,8434.0,3885.0,-1359.0,0.8135000000000048,-0.4342000000000041,0.4847000000000037,-2.156900000000008,0.9913000000000096,-2.1430000000000007,639.956,639.956,639.956,635.719,635.719,635.719,639.956,637.8375000000001,627.25625,7,3,0
2006-08-01,8478,1363.0,85.97,0.2370999999999981,632.375,0.0,7115.0,6877.0,9688.0,5670.0,6222.0,6846.0,6289.0,-3647.0,-814.0,1.6681999999999988,0.8135000000000048,-0.4342000000000041,0.4847000000000037,-2.156900000000008,0.9913000000000096,632.375,639.956,639.956,639.956,635.719,635.719,637.429,637.2801666666668,628.5883333333334,8,3,0
2006-09-01,13400,4922.0,87.1641,1.194100000000006,632.375,0.0,8478.0,10762.0,9050.0,7127.0,6790.0,5859.0,8748.0,1363.0,3885.0,0.2370999999999981,1.6681999999999988,0.8135000000000048,-0.4342000000000041,0.4847000000000037,-2.156900000000008,632.375,632.375,639.956,639.956,639.956,635.719,634.902,636.7228333333334,629.9204166666667,9,3,0
2006-10-01,6669,-6731.0,88.3942,1.230099999999993,655.208,22.83299999999997,13400.0,7115.0,7691.0,3321.0,7851.0,6747.0,8883.0,4922.0,-3647.0,1.194100000000006,0.2370999999999981,1.6681999999999988,0.8135000000000048,-0.4342000000000041,0.4847000000000037,632.375,632.375,632.375,639.956,639.956,639.956,632.375,636.1655000000001,631.2525,10,4,1
2006-11-01,11292,4623.0,90.2576,1.8633999999999984,655.208,0.0,6669.0,8478.0,6877.0,9688.0,5670.0,7633.0,7674.0,-6731.0,1363.0,1.230099999999993,1.194100000000006,0.2370999999999981,1.6681999999999988,0.8135000000000048,-0.4342000000000041,655.208,632.375,632.375,632.375,639.956,639.956,639.986,638.7075,634.4398333333334,11,4,1
2006-12-01,8105,-3187.0,92.0973,1.839700000000008,655.208,0.0,11292.0,13400.0,10762.0,9050.0,7127.0,8951.0,6971.0,4623.0,4922.0,1.8633999999999984,1.230099999999993,1.194100000000006,0.2370999999999981,1.6681999999999988,0.8135000000000048,655.208,655.208,632.375,632.375,632.375,639.956,647.5970000000001,641.2495,637.6271666666668,12,4,1
2007-01-01,10897,2792.0,94.4848,2.387500000000003,654.605,-0.6029999999999518,8105.0,6669.0,7115.0,7691.0,3321.0,6365.0,6483.0,-3187.0,-6731.0,1.839700000000008,1.8633999999999984,1.230099999999993,1.194100000000006,0.2370999999999981,1.6681999999999988,655.208,655.208,655.208,632.375,632.375,632.375,655.208,643.7914999999999,640.8145000000001,1,1,0
2007-02-01,7674,-3223.0,95.4596,0.9747999999999876,654.605,0.0,10897.0,11292.0,8478.0,6877.0,9688.0,6222.0,6846.0,2792.0,4623.0,2.387500000000003,1.839700000000008,1.8633999999999984,1.230099999999993,1.194100000000006,0.2370999999999981,654.605,655.208,655.208,655.208,632.375,632.375,655.007,647.4965,642.3883333333334,2,1,0
2007-03-01,5657,-2017.0,94.5244,-0.9351999999999948,654.605,0.0,7674.0,8105.0,13400.0,10762.0,9050.0,6790.0,5859.0,-3223.0,-3187.0,0.9747999999999876,2.387500000000003,1.839700000000008,1.8633999999999984,1.230099999999993,1.194100000000006,654.605,654.605,655.208,655.208,655.208,632.375,654.806,651.2015,643.9621666666667,3,1,0
2007-04-01,7836,2179.0,97.0306,2.506200000000007,674.082,19.476999999999972,5657.0,10897.0,6669.0,7115.0,7691.0,7851.0,6747.0,-2017.0,2792.0,-0.9351999999999948,0.9747999999999876,2.387500000000003,1.839700000000008,1.8633999999999984,1.230099999999993,654.605,654.605,654.605,655.208,655.208,655.208,654.605,654.9064999999999,645.536,4,2,0
2007-05-01,8684,848.0,99.2812,2.2505999999999915,674.082,0.0,7836.0,7674.0,11292.0,8478.0,6877.0,5670.0,7633.0,2179.0,-3223.0,2.506200000000007,-0.9351999999999948,0.9747999999999876,2.387500000000003,1.839700000000008,1.8633999999999984,674.082,654.605,654.605,654.605,655.208,655.208,661.0973333333333,658.0521666666666,648.3798333333333,5,2,0
2007-06-01,5852,-2832.0,102.6352,3.353999999999999,674.082,0.0,8684.0,5657.0,8105.0,13400.0,10762.0,7127.0,8951.0,848.0,-2017.0,2.2505999999999915,2.506200000000007,-0.9351999999999948,0.9747999999999876,2.387500000000003,1.839700000000008,674.082,674.082,654.605,654.605,654.605,655.208,667.5896666666666,661.1978333333333,651.2236666666666,6,2,0
2007-07-01,9255,3403.0,103.983,1.3478000000000063,684.421,10.339000000000055,5852.0,7836.0,10897.0,6669.0,7115.0,3321.0,6365.0,-2832.0,2179.0,3.353999999999999,2.2505999999999915,2.506200000000007,-0.9351999999999948,0.9747999999999876,2.387500000000003,674.082,674.082,674.082,654.605,654.605,654.605,674.082,664.3435000000001,654.0675,7,3,0
2007-08-01,12048,2793.0,105.7156,1.7325999999999908,684.421,0.0,9255.0,8684.0,7674.0,11292.0,8478.0,9688.0,6222.0,3403.0,848.0,1.3478000000000063,3.353999999999999,2.2505999999999915,2.506200000000007,-0.9351999999999948,0.9747999999999876,684.421,674.082,674.082,674.082,654.605,654.605,677.5283333333333,669.3128333333333,658.4046666666667,8,3,0
2007-09-01,6414,-5634.0,108.2199,2.5043000000000006,684.421,0.0,12048.0,5852.0,5657.0,8105.0,13400.0,9050.0,6790.0,2793.0,-2832.0,1.7325999999999908,1.3478000000000063,3.353999999999999,2.2505999999999915,2.506200000000007,-0.9351999999999948,684.421,684.421,674.082,674.082,674.082,654.605,680.9746666666666,674.2821666666667,662.7418333333334,9,3,0
2007-10-01,11172,4758.0,108.7813,0.5614000000000061,703.947,19.525999999999957,6414.0,9255.0,7836.0,10897.0,6669.0,7691.0,7851.0,-5634.0,3403.0,2.5043000000000006,1.7325999999999908,1.3478000000000063,3.353999999999999,2.2505999999999915,2.506200000000007,684.421,684.421,684.421,674.082,674.082,674.082,684.421,679.2515,667.0790000000001,10,4,1
2007-11-01,5459,-5713.0,110.951,2.169699999999992,703.947,0.0,11172.0,12048.0,8684.0,7674.0,11292.0,6877.0,5670.0,4758.0,2793.0,0.5614000000000061,2.5043000000000006,1.7325999999999908,1.3478000000000063,3.353999999999999,2.2505999999999915,703.947,684.421,684.421,684.421,674.082,674.082,690.9296666666665,684.2289999999999,671.1405833333333,11,4,1
2007-12-01,13727,8268.0,111.5536,0.6026000000000096,703.947,0.0,5459.0,6414.0,5852.0,5657.0,8105.0,10762.0,7127.0,-5713.0,-5634.0,2.169699999999992,0.5614000000000061,2.5043000000000006,1.7325999999999908,1.3478000000000063,3.353999999999999,703.947,703.947,684.421,684.421,684.421,674.082,697.4383333333334,689.2064999999999,675.2021666666667,12,4,1
2008-01-01,10396,-3331.0,112.3767,0.8230999999999966,721.214,17.267000000000053,13727.0,11172.0,9255.0,7836.0,10897.0,7115.0,3321.0,8268.0,4758.0,0.6026000000000096,2.169699999999992,0.5614000000000061,2.5043000000000006,1.7325999999999908,1.3478000000000063,703.947,703.947,703.947,684.421,684.421,684.421,703.947,694.1840000000001,679.2637500000001,1,1,0
2008-02-01,10509,113.0,111.9979,-0.3787999999999982,721.214,0.0,10396.0,5459.0,12048.0,8684.0,7674.0,8478.0,9688.0,-3331.0,-5713.0,0.8230999999999966,0.6026000000000096,2.169699999999992,0.5614000000000061,2.5043000000000006,1.7325999999999908,721.214,703.947,703.947,703.947,684.421,684.421,709.7026666666667,700.3161666666666,684.8145,2,1,0
2008-03-01,9735,-774.0,112.3105,0.3126000000000033,721.214,0.0,10509.0,13727.0,6414.0,5852.0,5657.0,13400.0,9050.0,113.0,8268.0,-0.3787999999999982,0.8230999999999966,0.6026000000000096,2.169699999999992,0.5614000000000061,2.5043000000000006,721.214,721.214,703.947,703.947,703.947,684.421,715.4583333333334,706.4483333333334,690.36525,3,1,0
2008-04-01,9496,-239.0,112.384,0.0734999999999956,742.246,21.031999999999925,9735.0,10396.0,11172.0,9255.0,7836.0,6669.0,7691.0,-774.0,-3331.0,0.3126000000000033,-0.3787999999999982,0.8230999999999966,0.6026000000000096,2.169699999999992,0.5614000000000061,721.214,721.214,721.214,703.947,703.947,703.947,721.214,712.5805,695.916,4,2,0
2008-05-01,10224,728.0,111.9095,-0.4745000000000061,742.246,0.0,9496.0,10509.0,5459.0,12048.0,8684.0,11292.0,6877.0,-239.0,113.0,0.0734999999999956,0.3126000000000033,-0.3787999999999982,0.8230999999999966,0.6026000000000096,2.169699999999992,742.246,721.214,721.214,721.214,703.947,703.947,728.2246666666666,718.9636666666667,701.5963333333334,5,2,0
2008-06-01,10722,498.0,112.96,1.0504999999999995,742.246,0.0,10224.0,9735.0,13727.0,6414.0,5852.0,8105.0,10762.0,728.0,-774.0,-0.4745000000000061,0.0734999999999956,0.3126000000000033,-0.3787999999999982,0.8230999999999966,0.6026000000000096,742.246,742.246,721.214,721.214,721.214,703.947,735.2353333333334,725.3468333333334,707.2766666666666,6,2,0
2008-07-01,9520,-1202.0,112.0735,-0.8864999999999981,766.263,24.017000000000053,10722.0,9496.0,10396.0,11172.0,9255.0,10897.0,7115.0,498.0,-239.0,1.0504999999999995,-0.4745000000000061,0.0734999999999956,0.3126000000000033,-0.3787999999999982,0.8230999999999966,742.246,742.246,742.246,721.214,721.214,721.214,742.246,731.73,712.957,7,3,0
2008-08-01,10154,634.0,111.6868,-0.3866999999999905,766.263,0.0,9520.0,10224.0,10509.0,5459.0,12048.0,7674.0,8478.0,-1202.0,728.0,-0.8864999999999981,1.0504999999999995,-0.4745000000000061,0.0734999999999956,0.3126000000000033,-0.3787999999999982,766.263,742.246,742.246,742.246,721.214,721.214,750.2516666666667,739.2381666666666,719.7771666666667,8,3,0
2008-09-01,14880,4726.0,109.0542,-2.6326000000000107,766.263,0.0,10154.0,10722.0,9735.0,13727.0,6414.0,5657.0,13400.0,634.0,498.0,-0.3866999999999905,-0.8864999999999981,1.0504999999999995,-0.4745000000000061,0.0734999999999956,0.3126000000000033,766.263,766.263,742.246,742.246,742.246,721.214,758.2573333333333,746.7463333333334,726.5973333333333,9,3,0
2008-10-01,8724,-6156.0,109.1933,0.1390999999999991,771.619,5.3559999999999945,14880.0,9520.0,9496.0,10396.0,11172.0,7836.0,6669.0,4726.0,-1202.0,-2.6326000000000107,-0.3866999999999905,-0.8864999999999981,1.0504999999999995,-0.4745000000000061,0.0734999999999956,766.263,766.263,766.263,742.246,742.246,742.246,766.263,754.2545,733.4175,10,4,1
2008-11-01,7760,-964.0,108.6764,-0.5168999999999926,771.619,0.0,8724.0,10154.0,10224.0,10509.0,5459.0,8684.0,11292.0,-6156.0,634.0,0.1390999999999991,-2.6326000000000107,-0.3866999999999905,-0.8864999999999981,1.0504999999999995,-0.4745000000000061,771.619,766.263,766.263,766.263,742.246,742.246,768.0483333333335,759.15,739.0568333333334,11,4,1
2008-12-01,16891,9131.0,107.9088,-0.7676000000000016,771.619,0.0,7760.0,14880.0,10722.0,9735.0,13727.0,5852.0,8105.0,-964.0,4726.0,-0.5168999999999926,0.1390999999999991,-2.6326000000000107,-0.3866999999999905,-0.8864999999999981,1.0504999999999995,771.619,771.619,766.263,766.263,766.263,742.246,769.8336666666668,764.0455000000001,744.6961666666666,12,4,1
2009-01-01,5261,-11630.0,107.2089,-0.6998999999999995,765.428,-6.191000000000031,16891.0,8724.0,9520.0,9496.0,10396.0,9255.0,10897.0,9131.0,-6156.0,-0.7676000000000016,-0.5168999999999926,0.1390999999999991,-2.6326000000000107,-0.3866999999999905,-0.8864999999999981,771.619,771.619,771.619,766.263,766.263,766.263,771.619,768.9409999999999,750.3355,1,1,0
2009-02-01,8280,3019.0,106.493,-0.7159000000000049,765.428,0.0,5261.0,7760.0,10154.0,10224.0,10509.0,12048.0,7674.0,-11630.0,-964.0,-0.6998999999999995,-0.7676000000000016,-0.5168999999999926,0.1390999999999991,-2.6326000000000107,-0.3866999999999905,765.428,771.619,771.619,771.619,766.263,766.263,769.5553333333334,768.8018333333333,754.02,2,1,0
2009-03-01,8180,-100.0,104.603,-1.8900000000000008,765.428,0.0,8280.0,16891.0,14880.0,10722.0,9735.0,6414.0,5657.0,3019.0,9131.0,-0.7159000000000049,-0.6998999999999995,-0.7676000000000016,-0.5168999999999926,0.1390999999999991,-2.6326000000000107,765.428,765.428,771.619,771.619,771.619,766.263,767.4916666666667,768.6626666666667,757.7044999999999,3,1,0
2009-04-01,11431,3251.0,103.8735,-0.7294999999999874,782.914,17.48599999999999,8180.0,5261.0,8724.0,9520.0,9496.0,11172.0,7836.0,-100.0,-11630.0,-1.8900000000000008,-0.7159000000000049,-0.6998999999999995,-0.7676000000000016,-0.5168999999999926,0.1390999999999991,765.428,765.428,765.428,771.619,771.619,771.619,765.428,768.5235000000001,761.389,4,2,0
2009-05-01,10679,-752.0,103.9549,0.0813999999999879,782.914,0.0,11431.0,8280.0,7760.0,10154.0,10224.0,5459.0,8684.0,3251.0,3019.0,-0.7294999999999874,-1.8900000000000008,-0.7159000000000049,-0.6998999999999995,-0.7676000000000016,-0.5168999999999926,782.914,765.428,765.428,765.428,771.619,771.619,771.2566666666667,770.406,764.7780000000001,5,2,0
2009-06-01,7139,-3540.0,104.2872,0.3323000000000036,782.914,0.0,10679.0,8180.0,16891.0,14880.0,10722.0,13727.0,5852.0,-752.0,-100.0,0.0813999999999879,-0.7294999999999874,-1.8900000000000008,-0.7159000000000049,-0.6998999999999995,-0.7676000000000016,782.914,782.914,765.428,765.428,765.428,771.619,777.0853333333333,772.2885,768.1669999999999,6,2,0
2009-07-01,8436,1297.0,105.9523,1.6650999999999954,792.801,9.887000000000056,7139.0,11431.0,5261.0,8724.0,9520.0,10396.0,9255.0,-3540.0,3251.0,0.3323000000000036,0.0813999999999879,-0.7294999999999874,-1.8900000000000008,-0.7159000000000049,-0.6998999999999995,782.914,782.914,782.914,765.428,765.428,765.428,782.914,774.1709999999999,771.556,7,3,0
2009-08-01,8012,-424.0,106.8922,0.9399000000000086,792.801,0.0,8436.0,10679.0,8280.0,7760.0,10154.0,10509.0,12048.0,1297.0,-752.0,1.6650999999999954,0.3323000000000036,0.0813999999999879,-0.7294999999999874,-1.8900000000000008,-0.7159000000000049,792.801,782.914,782.914,782.914,765.428,765.428,786.2096666666666,778.7331666666665,773.7674999999999,8,3,0
2009-09-01,9294,1282.0,108.1062,1.2139999999999986,792.801,0.0,8012.0,7139.0,8180.0,16891.0,14880.0,9735.0,6414.0,-424.0,-3540.0,0.9399000000000086,1.6650999999999954,0.3323000000000036,0.0813999999999879,-0.7294999999999874,-1.8900000000000008,792.801,792.801,782.914,782.914,782.914,765.428,789.5053333333334,783.2953333333334,775.9790000000002,9,3,0
2009-10-01,8702,-592.0,107.3209,-0.7853000000000065,809.117,16.315999999999917,9294.0,8436.0,11431.0,5261.0,8724.0,9496.0,11172.0,1282.0,1297.0,1.2139999999999986,0.9399000000000086,1.6650999999999954,0.3323000000000036,0.0813999999999879,-0.7294999999999874,792.801,792.801,792.801,782.914,782.914,782.914,792.801,787.8575000000001,778.1905,10,4,1
2009-11-01,7703,-999.0,107.5359,0.2150000000000034,809.117,0.0,8702.0,8012.0,10679.0,8280.0,7760.0,10224.0,5459.0,-592.0,-424.0,-0.7853000000000065,1.2139999999999986,0.9399000000000086,1.6650999999999954,0.3323000000000036,0.0813999999999879,809.117,792.801,792.801,792.801,782.914,782.914,798.2396666666667,792.2246666666666,781.3153333333333,11,4,1
2009-12-01,8876,1173.0,108.0429,0.507000000000005,809.117,0.0,7703.0,9294.0,7139.0,8180.0,16891.0,10722.0,13727.0,-999.0,1282.0,0.2150000000000034,-0.7853000000000065,1.2139999999999986,0.9399000000000086,1.6650999999999954,0.3323000000000036,809.117,809.117,792.801,792.801,792.801,782.914,803.6783333333333,796.5918333333334,784.4401666666668,12,4,1
2010-01-01,12770,3894.0,110.1718,2.1289000000000016,817.507,8.389999999999986,8876.0,8702.0,8436.0,11431.0,5261.0,9520.0,10396.0,1173.0,-592.0,0.507000000000005,0.2150000000000034,-0.7853000000000065,1.2139999999999986,0.9399000000000086,1.6650999999999954,809.117,809.117,809.117,792.801,792.801,792.801,809.117,800.959,787.565,1,1,0
2010-02-01,12430,-340.0,111.1719,1.000099999999989,817.507,0.0,12770.0,7703.0,8012.0,10679.0,8280.0,10154.0,10509.0,3894.0,-999.0,2.1289000000000016,0.507000000000005,0.2150000000000034,-0.7853000000000065,1.2139999999999986,0.9399000000000086,817.507,809.117,809.117,809.117,792.801,792.801,811.9136666666667,805.0766666666667,791.9049166666667,2,1,0
2010-03-01,12797,367.0,114.1262,2.9543000000000035,817.507,0.0,12430.0,8876.0,9294.0,7139.0,8180.0,14880.0,9735.0,-340.0,1173.0,1.000099999999989,2.1289000000000016,0.507000000000005,0.2150000000000034,-0.7853000000000065,1.2139999999999986,817.507,817.507,809.117,809.117,809.117,792.801,814.7103333333333,809.1943333333334,796.2448333333333,3,1,0
2010-04-01,11609,-1188.0,115.2268,1.1006,828.047,10.540000000000076,12797.0,12770.0,8702.0,8436.0,11431.0,8724.0,9496.0,367.0,3894.0,2.9543000000000035,1.000099999999989,2.1289000000000016,0.507000000000005,0.2150000000000034,-0.7853000000000065,817.507,817.507,817.507,809.117,809.117,809.117,817.507,813.3119999999999,800.58475,4,2,0
2010-05-01,11818,209.0,115.4397,0.2129000000000047,828.047,0.0,11609.0,12430.0,7703.0,8012.0,10679.0,7760.0,10224.0,-1188.0,-340.0,1.1006,2.9543000000000035,1.000099999999989,2.1289000000000016,0.507000000000005,0.2150000000000034,828.047,817.507,817.507,817.507,809.117,809.117,821.0203333333333,816.467,804.3458333333333,5,2,0
2010-06-01,9691,-2127.0,115.3352,-0.1045000000000015,828.047,0.0,11818.0,12797.0,8876.0,9294.0,7139.0,16891.0,10722.0,209.0,367.0,0.2129000000000047,1.1006,2.9543000000000035,1.000099999999989,2.1289000000000016,0.507000000000005,828.047,828.047,817.507,817.507,817.507,809.117,824.5336666666667,819.622,808.1069166666667,6,2,0
2010-07-01,11166,1475.0,117.3255,1.9903000000000048,828.9,0.8529999999999518,9691.0,11609.0,12770.0,8702.0,8436.0,5261.0,9520.0,-2127.0,-1188.0,-0.1045000000000015,0.2129000000000047,1.1006,2.9543000000000035,1.000099999999989,2.1289000000000016,828.047,828.047,828.047,817.507,817.507,817.507,828.047,822.7769999999999,811.8679999999999,7,3,0
2010-08-01,10888,-278.0,117.4454,0.1199000000000012,828.9,0.0,11166.0,11818.0,12430.0,7703.0,8012.0,8280.0,10154.0,1475.0,209.0,1.9903000000000048,-0.1045000000000015,0.2129000000000047,1.1006,2.9543000000000035,1.000099999999989,828.9,828.047,828.047,828.047,817.507,817.507,828.3313333333332,824.6758333333333,814.8762500000001,8,3,0
2010-09-01,12406,1518.0,115.7815,-1.6639000000000124,828.9,0.0,10888.0,9691.0,12797.0,8876.0,9294.0,8180.0,14880.0,-278.0,-2127.0,0.1199000000000012,1.9903000000000048,-0.1045000000000015,0.2129000000000047,1.1006,2.9543000000000035,828.9,828.9,828.047,828.047,828.047,817.507,828.6156666666666,826.5746666666668,817.8845,9,3,0
2010-10-01,9685,-2721.0,113.8311,-1.950399999999988,837.429,8.528999999999996,12406.0,11166.0,11609.0,12770.0,8702.0,11431.0,8724.0,1518.0,1475.0,-1.6639000000000124,0.1199000000000012,1.9903000000000048,-0.1045000000000015,0.2129000000000047,1.1006,828.9,828.9,828.9,828.047,828.047,828.047,828.9,828.4735,820.89275,10,4,1
2010-11-01,12332,2647.0,113.0624,-0.7687000000000097,837.429,0.0,9685.0,10888.0,11818.0,12430.0,7703.0,10679.0,7760.0,-2721.0,-278.0,-1.950399999999988,-1.6639000000000124,0.1199000000000012,1.9903000000000048,-0.1045000000000015,0.2129000000000047,837.429,828.9,828.9,828.9,828.047,828.047,831.7429999999999,830.0371666666666,823.2520833333333,11,4,1
2010-12-01,10863,-1469.0,112.4577,-0.604699999999994,837.429,0.0,12332.0,12406.0,9691.0,12797.0,8876.0,7139.0,16891.0,2647.0,1518.0,-0.7687000000000097,-1.950399999999988,-1.6639000000000124,0.1199000000000012,1.9903000000000048,-0.1045000000000015,837.429,837.429,828.9,828.9,828.9,828.047,834.5859999999999,831.6008333333333,825.6114166666666,12,4,1
2011-01-01,13931,3068.0,112.085,-0.3727000000000089,831.587,-5.8419999999999845,10863.0,9685.0,11166.0,11609.0,12770.0,8436.0,5261.0,-1469.0,-2721.0,-0.604699999999994,-0.7687000000000097,-1.950399999999988,-1.6639000000000124,0.1199000000000012,1.9903000000000048,837.429,837.429,837.429,828.9,828.9,828.9,837.429,833.1645,827.97075,1,1,0
2011-02-01,10959,-2972.0,111.3092,-0.7757999999999896,831.587,0.0,13931.0,12332.0,10888.0,11818.0,12430.0,8012.0,8280.0,3068.0,2647.0,-0.3727000000000089,-0.604699999999994,-0.7687000000000097,-1.950399999999988,-1.6639000000000124,0.1199000000000012,831.587,837.429,837.429,837.429,828.9,828.9,835.4816666666666,833.6123333333331,829.1440833333332,2,1,0
2011-03-01,12676,1717.0,110.6488,-0.6604000000000099,831.587,0.0,10959.0,10863.0,12406.0,9691.0,12797.0,9294.0,8180.0,-2972.0,-1469.0,-0.7757999999999896,-0.3727000000000089,-0.604699999999994,-0.7687000000000097,-1.950399999999988,-1.6639000000000124,831.587,831.587,837.429,837.429,837.429,828.9,833.5343333333334,834.0601666666666,830.3174166666666,3,1,0
2011-04-01,12936,260.0,110.0297,-0.6190999999999889,843.03,11.442999999999984,12676.0,13931.0,9685.0,11166.0,11609.0,8702.0,11431.0,1717.0,3068.0,-0.6604000000000099,-0.7757999999999896,-0.3727000000000089,-0.604699999999994,-0.7687000000000097,-1.950399999999988,831.587,831.587,831.587,837.429,837.429,837.429,831.587,834.5079999999999,831.49075,4,2,0
2011-05-01,12331,-605.0,109.9053,-0.1244000000000085,843.03,0.0,12936.0,10959.0,12332.0,10888.0,11818.0,7703.0,10679.0,260.0,-2972.0,-0.6190999999999889,-0.6604000000000099,-0.7757999999999896,-0.3727000000000089,-0.604699999999994,-0.7687000000000097,843.03,831.587,831.587,831.587,837.429,837.429,835.4013333333332,835.4415,832.7393333333333,5,2,0
2011-06-01,10931,-1400.0,109.193,-0.712299999999999,843.03,0.0,12331.0,12676.0,10863.0,12406.0,9691.0,8876.0,7139.0,-605.0,1717.0,-0.1244000000000085,-0.6190999999999889,-0.6604000000000099,-0.7757999999999896,-0.3727000000000089,-0.604699999999994,843.03,843.03,831.587,831.587,831.587,837.429,839.2156666666666,836.375,833.9879166666666,6,2,0
2011-07-01,10253,-678.0,109.8343,0.6413000000000011,834.975,-8.05499999999995,10931.0,12936.0,13931.0,9685.0,11166.0,12770.0,8436.0,-1400.0,260.0,-0.712299999999999,-0.1244000000000085,-0.6190999999999889,-0.6604000000000099,-0.7757999999999896,-0.3727000000000089,843.03,843.03,843.03,831.587,831.587,831.587,843.03,837.3085,835.2365,7,3,0
2011-08-01,12413,2160.0,110.5732,0.738900000000001,834.975,0.0,10253.0,12331.0,10959.0,12332.0,10888.0,12430.0,8012.0,-678.0,-605.0,0.6413000000000011,-0.712299999999999,-0.1244000000000085,-0.6190999999999889,-0.6604000000000099,-0.7757999999999896,834.975,843.03,843.03,843.03,831.587,831.587,840.3449999999999,837.8731666666667,835.7427499999999,8,3,0
2011-09-01,10205,-2208.0,110.4417,-0.1315000000000026,834.975,0.0,12413.0,10931.0,12676.0,10863.0,12406.0,12797.0,9294.0,2160.0,-1400.0,0.738900000000001,0.6413000000000011,-0.712299999999999,-0.1244000000000085,-0.6190999999999889,-0.6604000000000099,834.975,834.975,843.03,843.03,843.03,831.587,837.66,838.4378333333333,836.2489999999999,9,3,0
2011-10-01,9229,-976.0,111.591,1.1492999999999969,826.319,-8.656000000000063,10205.0,10253.0,12936.0,13931.0,9685.0,11609.0,8702.0,-2208.0,-678.0,-0.1315000000000026,0.738900000000001,0.6413000000000011,-0.712299999999999,-0.1244000000000085,-0.6190999999999889,834.975,834.975,834.975,843.03,843.03,843.03,834.975,839.0025,836.75525,10,4,1
2011-11-01,9624,395.0,113.165,1.5740000000000125,826.319,0.0,9229.0,12413.0,12331.0,10959.0,12332.0,11818.0,7703.0,-976.0,2160.0,1.1492999999999969,-0.1315000000000026,0.738900000000001,0.6413000000000011,-0.712299999999999,-0.1244000000000085,826.319,834.975,834.975,834.975,843.03,843.03,832.0896666666667,836.2173333333334,835.8294166666666,11,4,1
2011-12-01,7237,-2387.0,112.7905,-0.3745000000000118,826.319,0.0,9624.0,10205.0,10931.0,12676.0,10863.0,9691.0,8876.0,395.0,-2208.0,1.5740000000000125,1.1492999999999969,-0.1315000000000026,0.738900000000001,0.6413000000000011,-0.712299999999999,826.319,826.319,834.975,834.975,834.975,843.03,829.2043333333335,833.4321666666666,834.9035833333332,12,4,1
2012-01-01,8494,1257.0,113.1914,0.4009000000000071,824.076,-2.242999999999938,7237.0,9229.0,10253.0,12936.0,13931.0,11166.0,12770.0,-2387.0,-976.0,-0.3745000000000118,1.5740000000000125,1.1492999999999969,-0.1315000000000026,0.738900000000001,0.6413000000000011,826.319,826.319,826.319,834.975,834.975,834.975,826.319,830.6469999999999,833.97775,1,1,0
2012-02-01,9063,569.0,114.5249,1.3335000000000008,824.076,0.0,8494.0,9624.0,12413.0,12331.0,10959.0,10888.0,12430.0,1257.0,395.0,0.4009000000000071,-0.3745000000000118,1.5740000000000125,1.1492999999999969,-0.1315000000000026,0.738900000000001,824.076,826.319,826.319,826.319,834.975,834.975,825.5713333333333,828.8305,833.3518333333333,2,1,0
2012-03-01,9923,860.0,114.5104,-0.0144999999999981,824.076,0.0,9063.0,7237.0,10205.0,10931.0,12676.0,12406.0,12797.0,569.0,-2387.0,1.3335000000000008,0.4009000000000071,-0.3745000000000118,1.5740000000000125,1.1492999999999969,-0.1315000000000026,824.076,824.076,826.319,826.319,826.319,834.975,824.8236666666667,827.0140000000001,832.7259166666668,3,1,0
2012-04-01,7753,-2170.0,113.1165,-1.393900000000002,816.01,-8.066000000000031,9923.0,8494.0,9229.0,10253.0,12936.0,9685.0,11609.0,860.0,1257.0,-0.0144999999999981,1.3335000000000008,0.4009000000000071,-0.3745000000000118,1.5740000000000125,1.1492999999999969,824.076,824.076,824.076,826.319,826.319,826.319,824.076,825.1974999999999,832.0999999999999,4,2,0
2012-05-01,8445,692.0,111.8492,-1.267300000000006,816.01,0.0,7753.0,9063.0,9624.0,12413.0,12331.0,12332.0,11818.0,-2170.0,569.0,-1.393900000000002,-0.0144999999999981,1.3335000000000008,0.4009000000000071,-0.3745000000000118,1.5740000000000125,816.01,824.076,824.076,824.076,826.319,826.319,821.3873333333335,823.4793333333333,829.8483333333334,5,2,0
2012-06-01,11744,3299.0,110.8786,-0.9705999999999904,816.01,0.0,8445.0,9923.0,7237.0,10205.0,10931.0,10863.0,9691.0,692.0,860.0,-1.267300000000006,-1.393900000000002,-0.0144999999999981,1.3335000000000008,0.4009000000000071,-0.3745000000000118,816.01,816.01,824.076,824.076,824.076,826.319,818.6986666666667,821.7611666666667,827.5966666666667,6,2,0
2012-07-01,11721,-23.0,113.3223,2.4436999999999927,820.214,4.204000000000065,11744.0,7753.0,8494.0,9229.0,10253.0,13931.0,11166.0,3299.0,-2170.0,-0.9705999999999904,-1.267300000000006,-1.393900000000002,-0.0144999999999981,1.3335000000000008,0.4009000000000071,816.01,816.01,816.01,824.076,824.076,824.076,816.01,820.043,825.3450000000001,7,3,0
2012-08-01,7202,-4519.0,113.138,-0.1842999999999932,820.214,0.0,11721.0,8445.0,9063.0,9624.0,12413.0,10959.0,10888.0,-23.0,692.0,2.4436999999999927,-0.9705999999999904,-1.267300000000006,-1.393900000000002,-0.0144999999999981,1.3335000000000008,820.214,816.01,816.01,816.01,824.076,824.076,817.4113333333333,819.3993333333334,824.1149166666668,8,3,0
2012-09-01,9080,1878.0,112.5577,-0.5803000000000083,820.214,0.0,7202.0,11744.0,9923.0,7237.0,10205.0,12676.0,12406.0,-4519.0,3299.0,-0.1842999999999932,2.4436999999999927,-0.9705999999999904,-1.267300000000006,-1.393900000000002,-0.0144999999999981,820.214,820.214,816.01,816.01,816.01,824.076,818.8126666666667,818.7556666666666,822.8848333333334,9,3,0
2012-10-01,8086,-994.0,113.2662,0.7085000000000008,796.401,-23.813000000000105,9080.0,11721.0,7753.0,8494.0,9229.0,12936.0,9685.0,1878.0,-23.0,-0.5803000000000083,-0.1842999999999932,2.4436999999999927,-0.9705999999999904,-1.267300000000006,-1.393900000000002,820.214,820.214,820.214,816.01,816.01,816.01,820.214,818.1120000000001,821.65475,10,4,1
2012-11-01,7592,-494.0,113.3287,0.0625,796.401,0.0,8086.0,7202.0,8445.0,9063.0,9624.0,12331.0,12332.0,-994.0,-4519.0,0.7085000000000008,-0.5803000000000083,-0.1842999999999932,2.4436999999999927,-0.9705999999999904,-1.267300000000006,796.401,820.214,820.214,820.214,816.01,816.01,812.2763333333334,814.8438333333334,819.1615833333334,11,4,1
2012-12-01,19953,12361.0,113.0027,-0.3259999999999934,796.401,0.0,7592.0,9080.0,11744.0,9923.0,7237.0,10931.0,10863.0,-494.0,1878.0,0.0625,0.7085000000000008,-0.5803000000000083,-0.1842999999999932,2.4436999999999927,-0.9705999999999904,796.401,796.401,820.214,820.214,820.214,816.01,804.3386666666667,811.5756666666666,816.6684166666668,12,4,1
2013-01-01,6157,-13796.0,112.1947,-0.8080000000000069,774.681,-21.719999999999917,19953.0,8086.0,11721.0,7753.0,8494.0,10253.0,13931.0,12361.0,-994.0,-0.3259999999999934,0.0625,0.7085000000000008,-0.5803000000000083,-0.1842999999999932,2.4436999999999927,796.401,796.401,796.401,820.214,820.214,820.214,796.401,808.3074999999999,814.1752499999999,1,1,0
2013-02-01,9043,2886.0,111.8817,-0.3130000000000024,774.681,0.0,6157.0,7592.0,7202.0,8445.0,9063.0,12413.0,10959.0,-13796.0,-494.0,-0.8080000000000069,-0.3259999999999934,0.0625,0.7085000000000008,-0.5803000000000083,-0.1842999999999932,774.681,796.401,796.401,796.401,820.214,820.214,789.1610000000001,800.7186666666666,810.0590000000001,2,1,0
2013-03-01,5315,-3728.0,110.9732,-0.9084999999999894,774.681,0.0,9043.0,19953.0,9080.0,11744.0,9923.0,10205.0,12676.0,2886.0,12361.0,-0.3130000000000024,-0.8080000000000069,-0.3259999999999934,0.0625,0.7085000000000008,-0.5803000000000083,774.681,774.681,796.401,796.401,796.401,820.214,781.9209999999999,793.1298333333334,805.94275,3,1,0
2013-04-01,7105,1790.0,110.582,-0.391200000000012,770.584,-4.097000000000094,5315.0,6157.0,8086.0,11721.0,7753.0,9229.0,12936.0,-3728.0,-13796.0,-0.9084999999999894,-0.3130000000000024,-0.8080000000000069,-0.3259999999999934,0.0625,0.7085000000000008,774.681,774.681,774.681,796.401,796.401,796.401,774.681,785.541,801.8265,4,2,0
2013-05-01,9059,1954.0,109.3376,-1.2443999999999988,770.584,0.0,7105.0,9043.0,7592.0,7202.0,8445.0,9624.0,12331.0,1790.0,2886.0,-0.391200000000012,-0.9084999999999894,-0.3130000000000024,-0.8080000000000069,-0.3259999999999934,0.0625,770.584,774.681,774.681,774.681,796.401,796.401,773.3153333333333,781.2381666666666,798.041,5,2,0
2013-06-01,10878,1819.0,109.5473,0.2097000000000122,770.584,0.0,9059.0,5315.0,19953.0,9080.0,11744.0,7237.0,10931.0,1954.0,-3728.0,-1.2443999999999988,-0.391200000000012,-0.9084999999999894,-0.3130000000000024,-0.8080000000000069,-0.3259999999999934,770.584,770.584,774.681,774.681,774.681,796.401,771.9496666666668,776.9353333333333,794.2554999999999,6,2,0
2013-07-01,8815,-2063.0,108.4281,-1.1192000000000064,757.661,-12.923000000000002,10878.0,7105.0,6157.0,8086.0,11721.0,8494.0,10253.0,1819.0,1790.0,0.2097000000000122,-1.2443999999999988,-0.391200000000012,-0.9084999999999894,-0.3130000000000024,-0.8080000000000069,770.584,770.584,770.584,774.681,774.681,774.681,770.584,772.6325,790.4699999999999,7,3,0
2013-08-01,9112,297.0,108.7683,0.3401999999999958,757.661,0.0,8815.0,9059.0,9043.0,7592.0,7202.0,9063.0,12413.0,-2063.0,1954.0,-1.1192000000000064,0.2097000000000122,-1.2443999999999988,-0.391200000000012,-0.9084999999999894,-0.3130000000000024,757.661,770.584,770.584,770.584,774.681,774.681,766.2763333333332,769.7958333333332,785.25725,8,3,0
2013-09-01,9869,757.0,108.1396,-0.6286999999999949,757.661,0.0,9112.0,10878.0,5315.0,19953.0,9080.0,9923.0,10205.0,297.0,1819.0,0.3401999999999958,-1.1192000000000064,0.2097000000000122,-1.2443999999999988,-0.391200000000012,-0.9084999999999894,757.661,757.661,770.584,770.584,770.584,774.681,761.9686666666666,766.9591666666666,780.0445,9,3,0
2013-10-01,8251,-1618.0,109.1164,0.9767999999999972,754.351,-3.309999999999945,9869.0,8815.0,7105.0,6157.0,8086.0,7753.0,9229.0,757.0,-2063.0,-0.6286999999999949,0.3401999999999958,-1.1192000000000064,0.2097000000000122,-1.2443999999999988,-0.391200000000012,757.661,757.661,757.661,770.584,770.584,770.584,757.661,764.1225,774.8317499999999,10,4,1
2013-11-01,7632,-619.0,107.1068,-2.009599999999992,754.351,0.0,8251.0,9112.0,9059.0,9043.0,7592.0,8445.0,9624.0,-1618.0,297.0,0.9767999999999972,-0.6286999999999949,0.3401999999999958,-1.1192000000000064,0.2097000000000122,-1.2443999999999988,754.351,757.661,757.661,757.661,770.584,770.584,756.5576666666666,761.4169999999999,771.3275833333333,11,4,1
2013-12-01,7310,-322.0,106.089,-1.0178000000000085,754.351,0.0,7632.0,9869.0,10878.0,5315.0,19953.0,11744.0,7237.0,-619.0,757.0,-2.009599999999992,0.9767999999999972,-0.6286999999999949,0.3401999999999958,-1.1192000000000064,0.2097000000000122,754.351,754.351,757.661,757.661,757.661,770.584,755.4543333333332,758.7115,767.8234166666666,12,4,1
2014-01-01,7028,-282.0,104.85,-1.2390000000000043,744.986,-9.365000000000007,7310.0,8251.0,8815.0,7105.0,6157.0,11721.0,8494.0,-322.0,-1618.0,-1.0178000000000085,-2.009599999999992,0.9767999999999972,-0.6286999999999949,0.3401999999999958,-1.1192000000000064,754.351,754.351,754.351,757.661,757.661,757.661,754.351,756.006,764.31925,1,1,0
2014-02-01,9277,2249.0,105.1415,0.2914999999999992,744.986,0.0,7028.0,7632.0,9112.0,9059.0,9043.0,7202.0,9063.0,-282.0,-619.0,-1.2390000000000043,-1.0178000000000085,-2.009599999999992,0.9767999999999972,-0.6286999999999949,0.3401999999999958,744.986,754.351,754.351,754.351,757.661,757.661,751.2293333333333,753.8935,761.8446666666665,2,1,0
2014-03-01,9730,453.0,106.2195,1.078000000000003,744.986,0.0,9277.0,7310.0,9869.0,10878.0,5315.0,9080.0,9923.0,2249.0,-322.0,0.2914999999999992,-1.2390000000000043,-1.0178000000000085,-2.009599999999992,0.9767999999999972,-0.6286999999999949,744.986,744.986,754.351,754.351,754.351,757.661,748.1076666666667,751.781,759.3700833333332,3,1,0
2014-04-01,16666,6936.0,105.8774,-0.342100000000002,742.42,-2.566000000000031,9730.0,7028.0,8251.0,8815.0,7105.0,8086.0,7753.0,453.0,-282.0,1.078000000000003,0.2914999999999992,-1.2390000000000043,-1.0178000000000085,-2.009599999999992,0.9767999999999972,744.986,744.986,744.986,754.351,754.351,754.351,744.986,749.6685000000001,756.8955000000001,4,2,0
2014-05-01,9008,-7658.0,105.8332,-0.0441999999999893,742.42,0.0,16666.0,9277.0,7632.0,9112.0,9059.0,7592.0,8445.0,6936.0,2249.0,-0.342100000000002,1.078000000000003,0.2914999999999992,-1.2390000000000043,-1.0178000000000085,-2.009599999999992,742.42,744.986,744.986,744.986,754.351,754.351,744.1306666666666,747.68,754.5485,5,2,0
2014-06-01,9883,875.0,105.3584,-0.4748000000000019,742.42,0.0,9008.0,9730.0,7310.0,9869.0,10878.0,19953.0,11744.0,-7658.0,453.0,-0.0441999999999893,-0.342100000000002,1.078000000000003,0.2914999999999992,-1.2390000000000043,-1.0178000000000085,742.42,742.42,744.986,744.986,744.986,754.351,743.2753333333334,745.6915,752.2014999999998,6,2,0
2014-07-01,7911,-1972.0,106.378,1.019599999999997,755.041,12.621000000000096,9883.0,16666.0,7028.0,8251.0,8815.0,6157.0,11721.0,875.0,6936.0,-0.4748000000000019,-0.0441999999999893,-0.342100000000002,1.078000000000003,0.2914999999999992,-1.2390000000000043,742.42,742.42,742.42,744.986,744.986,744.986,742.42,743.703,749.8544999999999,7,3,0
2014-08-01,8757,846.0,104.985,-1.393000000000001,755.041,0.0,7911.0,9008.0,9277.0,7632.0,9112.0,9043.0,7202.0,-1972.0,-7658.0,1.019599999999997,-0.4748000000000019,-0.0441999999999893,-0.342100000000002,1.078000000000003,0.2914999999999992,755.041,742.42,742.42,742.42,744.986,744.986,746.627,745.3788333333333,749.6361666666667,8,3,0
2014-09-01,7414,-1343.0,105.4701,0.4851000000000027,755.041,0.0,8757.0,9883.0,9730.0,7310.0,9869.0,5315.0,9080.0,846.0,875.0,-1.393000000000001,1.019599999999997,-0.4748000000000019,-0.0441999999999893,-0.342100000000002,1.078000000000003,755.041,755.041,742.42,742.42,742.42,744.986,750.834,747.0546666666665,749.4178333333333,9,3,0
2014-10-01,9752,2338.0,105.7277,0.2575999999999965,733.767,-21.274,7414.0,7911.0,16666.0,7028.0,8251.0,7105.0,8086.0,-1343.0,-1972.0,0.4851000000000027,-1.393000000000001,1.019599999999997,-0.4748000000000019,-0.0441999999999893,-0.342100000000002,755.041,755.041,755.041,742.42,742.42,742.42,755.041,748.7305,749.1995000000001,10,4,1
2014-11-01,6804,-2948.0,105.1307,-0.5969999999999942,733.767,0.0,9752.0,8757.0,9008.0,9277.0,7632.0,9059.0,7592.0,2338.0,846.0,0.2575999999999965,0.4851000000000027,-1.393000000000001,1.019599999999997,-0.4748000000000019,-0.0441999999999893,733.767,755.041,755.041,755.041,742.42,742.42,747.9496666666668,747.2883333333333,747.4841666666666,11,4,1
2014-12-01,7542,738.0,105.0931,-0.0375999999999976,733.767,0.0,6804.0,7414.0,9883.0,9730.0,7310.0,10878.0,19953.0,-2948.0,-1343.0,-0.5969999999999942,0.2575999999999965,0.4851000000000027,-1.393000000000001,1.019599999999997,-0.4748000000000019,733.767,733.767,755.041,755.041,755.041,742.42,740.8583333333332,745.8461666666667,745.7688333333334,12,4,1
2015-01-01,7435,-107.0,103.2796,-1.8135000000000048,730.203,-3.564000000000078,7542.0,9752.0,7911.0,16666.0,7028.0,8815.0,6157.0,738.0,2338.0,-0.0375999999999976,-0.5969999999999942,0.2575999999999965,0.4851000000000027,-1.393000000000001,1.019599999999997,733.767,733.767,733.767,755.041,755.041,755.041,733.767,744.4040000000001,744.0535,1,1,0
2015-02-01,8424,989.0,105.0336,1.7540000000000049,730.203,0.0,7435.0,6804.0,8757.0,9008.0,9277.0,9112.0,9043.0,-107.0,-2948.0,-1.8135000000000048,-0.0375999999999976,-0.5969999999999942,0.2575999999999965,0.4851000000000027,-1.393000000000001,730.203,733.767,733.767,733.767,755.041,755.041,732.5790000000001,740.2643333333334,742.8215833333334,2,1,0
2015-03-01,8733,309.0,104.1245,-0.9091000000000092,730.203,0.0,8424.0,7542.0,7414.0,9883.0,9730.0,9869.0,5315.0,989.0,738.0,1.7540000000000049,-1.8135000000000048,-0.0375999999999976,-0.5969999999999942,0.2575999999999965,0.4851000000000027,730.203,730.203,733.767,733.767,733.767,755.041,731.391,736.1246666666666,741.5896666666667,3,1,0
2015-04-01,7495,-1238.0,103.3802,-0.7442999999999955,733.548,3.3450000000000277,8733.0,7435.0,9752.0,7911.0,16666.0,8251.0,7105.0,309.0,-107.0,-0.9091000000000092,1.7540000000000049,-1.8135000000000048,-0.0375999999999976,-0.5969999999999942,0.2575999999999965,730.203,730.203,730.203,733.767,733.767,733.767,730.203,731.985,740.35775,4,2,0
2015-05-01,8511,1016.0,102.5954,-0.7848000000000042,733.548,0.0,7495.0,8424.0,6804.0,8757.0,9008.0,7632.0,9059.0,-1238.0,989.0,-0.7442999999999955,-0.9091000000000092,1.7540000000000049,-1.8135000000000048,-0.0375999999999976,-0.5969999999999942,733.548,730.203,730.203,730.203,733.767,733.767,731.3179999999999,731.9485,739.6184166666667,5,2,0
2015-06-01,9940,1429.0,102.2626,-0.3327999999999917,733.548,0.0,8511.0,8733.0,7542.0,7414.0,9883.0,7310.0,10878.0,1016.0,309.0,-0.7848000000000042,-0.7442999999999955,-0.9091000000000092,1.7540000000000049,-1.8135000000000048,-0.0375999999999976,733.548,733.548,730.203,730.203,730.203,733.767,732.433,731.9119999999999,738.8790833333334,6,2,0
2015-07-01,11048,1108.0,101.966,-0.2966000000000122,726.729,-6.81899999999996,9940.0,7495.0,7435.0,9752.0,7911.0,7028.0,8815.0,1429.0,-1238.0,-0.3327999999999917,-0.7848000000000042,-0.7442999999999955,-0.9091000000000092,1.7540000000000049,-1.8135000000000048,733.548,733.548,733.548,730.203,730.203,730.203,733.548,731.8755,738.1397499999999,7,3,0
2015-08-01,8147,-2901.0,102.1678,0.2018000000000057,726.729,0.0,11048.0,8511.0,8424.0,6804.0,8757.0,9277.0,9112.0,1108.0,1016.0,-0.2966000000000122,-0.3327999999999917,-0.7848000000000042,-0.7442999999999955,-0.9091000000000092,1.7540000000000049,726.729,733.548,733.548,733.548,730.203,730.203,731.275,731.2965,735.7804166666666,8,3,0
2015-09-01,4723,-3424.0,101.1287,-1.0391000000000048,726.729,0.0,8147.0,9940.0,8733.0,7542.0,7414.0,9730.0,9869.0,-2901.0,1429.0,0.2018000000000057,-0.2966000000000122,-0.3327999999999917,-0.7848000000000042,-0.7442999999999955,-0.9091000000000092,726.729,726.729,733.548,733.548,733.548,730.203,729.0020000000001,730.7175000000001,733.4210833333333,9,3,0
2015-10-01,9087,4364.0,100.5533,-0.5754000000000019,731.007,4.277999999999906,4723.0,11048.0,7495.0,7435.0,9752.0,16666.0,8251.0,-3424.0,1108.0,-1.0391000000000048,0.2018000000000057,-0.2966000000000122,-0.3327999999999917,-0.7848000000000042,-0.7442999999999955,726.729,726.729,726.729,733.548,733.548,733.548,726.729,730.1385,731.06175,10,4,1
2015-11-01,12161,3074.0,99.8363,-0.7169999999999987,731.007,0.0,9087.0,8147.0,8511.0,8424.0,6804.0,9008.0,7632.0,4364.0,-2901.0,-0.5754000000000019,-1.0391000000000048,0.2018000000000057,-0.2966000000000122,-0.3327999999999917,-0.7848000000000042,731.007,726.729,726.729,726.729,733.548,733.548,728.1550000000001,729.715,730.8317499999999,11,4,1
2015-12-01,9414,-2747.0,100.7123,0.8760000000000048,731.007,0.0,12161.0,4723.0,9940.0,8733.0,7542.0,9883.0,7310.0,3074.0,-3424.0,-0.7169999999999987,-0.5754000000000019,-1.0391000000000048,0.2018000000000057,-0.2966000000000122,-0.3327999999999917,731.007,731.007,726.729,726.729,726.729,733.548,729.581,729.2914999999999,730.6017499999999,12,4,1
2016-01-01,10082,668.0,98.9906,-1.7216999999999985,726.546,-4.460999999999899,9414.0,9087.0,11048.0,7495.0,7435.0,7911.0,7028.0,-2747.0,4364.0,0.8760000000000048,-0.7169999999999987,-0.5754000000000019,-1.0391000000000048,0.2018000000000057,-0.2966000000000122,731.007,731.007,731.007,726.729,726.729,726.729,731.007,728.868,730.3717499999999,1,1,0
2016-02-01,7013,-3069.0,98.0192,-0.9714000000000028,726.546,0.0,10082.0,12161.0,8147.0,8511.0,8424.0,8757.0,9277.0,668.0,3074.0,-1.7216999999999985,0.8760000000000048,-0.7169999999999987,-0.5754000000000019,-1.0391000000000048,0.2018000000000057,726.546,731.007,731.007,731.007,726.729,726.729,729.52,728.8375,730.067,2,1,0
2016-03-01,14438,7425.0,97.6555,-0.3636999999999943,726.546,0.0,7013.0,9414.0,4723.0,9940.0,8733.0,7414.0,9730.0,-3069.0,-2747.0,-0.9714000000000028,-1.7216999999999985,0.8760000000000048,-0.7169999999999987,-0.5754000000000019,-1.0391000000000048,726.546,726.546,731.007,731.007,731.007,726.729,728.033,728.8069999999999,729.7622500000001,3,1,0
2016-04-01,12828,-1610.0,97.3887,-0.2668000000000035,723.171,-3.375,14438.0,10082.0,9087.0,11048.0,7495.0,9752.0,16666.0,7425.0,668.0,-0.3636999999999943,-0.9714000000000028,-1.7216999999999985,0.8760000000000048,-0.7169999999999987,-0.5754000000000019,726.546,726.546,726.546,731.007,731.007,731.007,726.546,728.7764999999999,729.4575,4,2,0
2016-05-01,8658,-4170.0,98.648,1.259299999999996,723.171,0.0,12828.0,7013.0,12161.0,8147.0,8511.0,6804.0,9008.0,-1610.0,-3069.0,-0.2668000000000035,-0.3636999999999943,-0.9714000000000028,-1.7216999999999985,0.8760000000000048,-0.7169999999999987,723.171,726.546,726.546,726.546,731.007,731.007,725.4210000000002,727.4705,728.5927499999999,5,2,0
2016-06-01,6196,-2462.0,97.6802,-0.9677999999999968,723.171,0.0,8658.0,14438.0,9414.0,4723.0,9940.0,7542.0,9883.0,-4170.0,7425.0,1.259299999999996,-0.2668000000000035,-0.3636999999999943,-0.9714000000000028,-1.7216999999999985,0.8760000000000048,723.171,723.171,726.546,726.546,726.546,731.007,724.2959999999999,726.1645,727.7280000000001,6,2,0
2016-07-01,8050,1854.0,97.264,-0.4162000000000034,733.097,9.92599999999993,6196.0,12828.0,10082.0,9087.0,11048.0,7435.0,7911.0,-2462.0,-1610.0,-0.9677999999999968,1.259299999999996,-0.2668000000000035,-0.3636999999999943,-0.9714000000000028,-1.7216999999999985,723.171,723.171,723.171,726.546,726.546,726.546,723.171,724.8585000000002,726.86325,7,3,0
2016-08-01,11189,3139.0,97.7511,0.4870999999999981,733.097,0.0,8050.0,8658.0,7013.0,12161.0,8147.0,8424.0,8757.0,1854.0,-4170.0,-0.4162000000000034,-0.9677999999999968,1.259299999999996,-0.2668000000000035,-0.3636999999999943,-0.9714000000000028,733.097,723.171,723.171,723.171,726.546,726.546,726.4796666666666,725.9503333333333,727.3939166666668,8,3,0
2016-09-01,11157,-32.0,97.6289,-0.1221999999999923,733.097,0.0,11189.0,6196.0,14438.0,9414.0,4723.0,8733.0,7414.0,3139.0,-2462.0,0.4870999999999981,-0.4162000000000034,-0.9677999999999968,1.259299999999996,-0.2668000000000035,-0.3636999999999943,733.097,733.097,723.171,723.171,723.171,726.546,729.7883333333334,727.0421666666667,727.9245833333333,9,3,0
2016-10-01,12129,972.0,98.0608,0.4318999999999988,734.923,1.8260000000000216,11157.0,8050.0,12828.0,10082.0,9087.0,7495.0,9752.0,-32.0,1854.0,-0.1221999999999923,0.4870999999999981,-0.4162000000000034,-0.9677999999999968,1.259299999999996,-0.2668000000000035,733.097,733.097,733.097,723.171,723.171,723.171,733.097,728.134,728.45525,10,4,1
2016-11-01,13108,979.0,98.6605,0.5996999999999986,734.923,0.0,12129.0,11189.0,8658.0,7013.0,12161.0,8511.0,6804.0,972.0,3139.0,0.4318999999999988,-0.1221999999999923,0.4870999999999981,-0.4162000000000034,-0.9677999999999968,1.259299999999996,734.923,733.097,733.097,733.097,723.171,723.171,733.7056666666667,730.0926666666668,728.7815833333334,11,4,1
2016-12-01,14154,1046.0,98.7607,0.1002000000000009,734.923,0.0,13108.0,11157.0,6196.0,14438.0,9414.0,9940.0,7542.0,979.0,-32.0,0.5996999999999986,0.4318999999999988,-0.1221999999999923,0.4870999999999981,-0.4162000000000034,-0.9677999999999968,734.923,734.923,733.097,733.097,733.097,723.171,734.3143333333333,732.0513333333333,729.1079166666667,12,4,1
2017-01-01,9824,-4330.0,98.9255,0.1647999999999996,735.242,0.31899999999996,14154.0,12129.0,8050.0,12828.0,10082.0,11048.0,7435.0,1046.0,972.0,0.1002000000000009,0.5996999999999986,0.4318999999999988,-0.1221999999999923,0.4870999999999981,-0.4162000000000034,734.923,734.923,734.923,733.097,733.097,733.097,734.923,734.0100000000001,729.4342499999999,1,1,0
2017-02-01,10091,267.0,98.1313,-0.7942000000000036,735.242,0.0,9824.0,13108.0,11189.0,8658.0,7013.0,8147.0,8424.0,-4330.0,979.0,0.1647999999999996,0.1002000000000009,0.5996999999999986,0.4318999999999988,-0.1221999999999923,0.4870999999999981,735.242,734.923,734.923,734.923,733.097,733.097,735.0293333333333,734.3675,730.1589166666666,2,1,0
2017-03-01,9521,-570.0,98.2211,0.0898000000000109,735.242,0.0,10091.0,14154.0,11157.0,6196.0,14438.0,4723.0,8733.0,267.0,1046.0,-0.7942000000000036,0.1647999999999996,0.1002000000000009,0.5996999999999986,0.4318999999999988,-0.1221999999999923,735.242,735.242,734.923,734.923,734.923,733.097,735.1356666666667,734.725,730.8835833333334,3,1,0
2017-04-01,10913,1392.0,99.5426,1.321499999999986,747.5,12.258000000000038,9521.0,9824.0,12129.0,8050.0,12828.0,9087.0,7495.0,-570.0,-4330.0,0.0898000000000109,-0.7942000000000036,0.1647999999999996,0.1002000000000009,0.5996999999999986,0.4318999999999988,735.242,735.242,735.242,734.923,734.923,734.923,735.242,735.0825,731.6082500000001,4,2,0
2017-05-01,8969,-1944.0,100.1737,0.6311000000000035,747.5,0.0,10913.0,10091.0,13108.0,11189.0,8658.0,12161.0,8511.0,1392.0,267.0,1.321499999999986,0.0898000000000109,-0.7942000000000036,0.1647999999999996,0.1002000000000009,0.5996999999999986,747.5,735.242,735.242,735.242,734.923,734.923,739.328,737.1786666666667,733.6356666666667,5,2,0
2017-06-01,10027,1058.0,100.083,-0.0906999999999982,747.5,0.0,8969.0,9521.0,14154.0,11157.0,6196.0,9414.0,9940.0,-1944.0,-570.0,0.6311000000000035,1.321499999999986,0.0898000000000109,-0.7942000000000036,0.1647999999999996,0.1002000000000009,747.5,747.5,735.242,735.242,735.242,734.923,743.4139999999999,739.2748333333333,735.6630833333334,6,2,0
2017-07-01,12575,2548.0,99.9935,-0.089500000000001,747.231,-0.2690000000000054,10027.0,10913.0,9824.0,12129.0,8050.0,10082.0,11048.0,1058.0,1392.0,-0.0906999999999982,0.6311000000000035,1.321499999999986,0.0898000000000109,-0.7942000000000036,0.1647999999999996,747.5,747.5,747.5,735.242,735.242,735.242,747.5,741.371,737.6905,7,3,0
2017-08-01,10765,-1810.0,101.3892,1.395700000000005,747.231,0.0,12575.0,8969.0,10091.0,13108.0,11189.0,7013.0,8147.0,2548.0,-1944.0,-0.089500000000001,-0.0906999999999982,0.6311000000000035,1.321499999999986,0.0898000000000109,-0.7942000000000036,747.231,747.5,747.5,747.5,735.242,735.242,747.4103333333334,743.3691666666667,738.8683333333333,8,3,0
2017-09-01,10749,-16.0,101.2831,-0.1060999999999978,747.231,0.0,10765.0,10027.0,9521.0,14154.0,11157.0,14438.0,4723.0,-1810.0,1058.0,1.395700000000005,-0.089500000000001,-0.0906999999999982,0.6311000000000035,1.321499999999986,0.0898000000000109,747.231,747.231,747.5,747.5,747.5,735.242,747.3206666666666,745.3673333333332,740.0461666666666,9,3,0
2017-10-01,10148,-601.0,100.7824,-0.500700000000009,763.2,15.969000000000053,10749.0,12575.0,10913.0,9824.0,12129.0,12828.0,9087.0,-16.0,2548.0,-0.1060999999999978,1.395700000000005,-0.089500000000001,-0.0906999999999982,0.6311000000000035,1.321499999999986,747.231,747.231,747.231,747.5,747.5,747.5,747.231,747.3655,741.224,10,4,1
2017-11-01,7118,-3030.0,101.175,0.3926000000000016,763.2,0.0,10148.0,10765.0,8969.0,10091.0,13108.0,8658.0,12161.0,-601.0,-1810.0,-0.500700000000009,-0.1060999999999978,1.395700000000005,-0.089500000000001,-0.0906999999999982,0.6311000000000035,763.2,747.231,747.231,747.231,747.5,747.5,752.554,749.9821666666667,743.5804166666667,11,4,1
2017-12-01,14113,6995.0,100.2997,-0.8752999999999957,763.2,0.0,7118.0,10749.0,10027.0,9521.0,14154.0,6196.0,9414.0,-3030.0,-16.0,0.3926000000000016,-0.500700000000009,-0.1060999999999978,1.395700000000005,-0.089500000000001,-0.0906999999999982,763.2,763.2,747.231,747.231,747.231,747.5,757.8770000000001,752.5988333333333,745.9368333333333,12,4,1
2018-01-01,8586,-5527.0,100.283,-0.0167000000000001,773.144,9.94399999999996,14113.0,10148.0,12575.0,10913.0,9824.0,8050.0,10082.0,6995.0,-601.0,-0.8752999999999957,0.3926000000000016,-0.500700000000009,-0.1060999999999978,1.395700000000005,-0.089500000000001,763.2,763.2,763.2,747.231,747.231,747.231,763.2,755.2154999999999,748.2932500000001,1,1,0
2018-02-01,9336,750.0,100.202,-0.081000000000003,773.144,0.0,8586.0,7118.0,10765.0,8969.0,10091.0,11189.0,7013.0,-5527.0,-3030.0,-0.0167000000000001,-0.8752999999999957,0.3926000000000016,-0.500700000000009,-0.1060999999999978,1.395700000000005,773.144,763.2,763.2,763.2,747.231,747.231,766.5146666666668,759.5343333333334,751.4517500000001,2,1,0
2018-03-01,10342,1006.0,100.2197,0.0177000000000049,773.144,0.0,9336.0,14113.0,10749.0,10027.0,9521.0,11157.0,14438.0,750.0,6995.0,-0.081000000000003,-0.0167000000000001,-0.8752999999999957,0.3926000000000016,-0.500700000000009,-0.1060999999999978,773.144,773.144,763.2,763.2,763.2,747.231,769.8293333333332,763.8531666666667,754.6102500000001,3,1,0
2018-04-01,10819,477.0,102.0482,1.8284999999999911,785.757,12.612999999999944,10342.0,8586.0,10148.0,12575.0,10913.0,12129.0,12828.0,1006.0,-5527.0,0.0177000000000049,-0.081000000000003,-0.0167000000000001,-0.8752999999999957,0.3926000000000016,-0.500700000000009,773.144,773.144,773.144,763.2,763.2,763.2,773.144,768.172,757.7687500000001,4,2,0
2018-05-01,11889,1070.0,101.9118,-0.1363999999999947,785.757,0.0,10819.0,9336.0,7118.0,10765.0,8969.0,13108.0,8658.0,477.0,750.0,1.8284999999999911,0.0177000000000049,-0.081000000000003,-0.0167000000000001,-0.8752999999999957,0.3926000000000016,785.757,773.144,773.144,773.144,763.2,763.2,777.3483333333334,771.9315,760.9568333333333,5,2,0
2018-06-01,13231,1342.0,103.3341,1.422300000000007,785.757,0.0,11889.0,10342.0,14113.0,10749.0,10027.0,14154.0,6196.0,1070.0,1006.0,-0.1363999999999947,1.8284999999999911,0.0177000000000049,-0.081000000000003,-0.0167000000000001,-0.8752999999999957,785.757,785.757,773.144,773.144,773.144,763.2,781.5526666666666,775.6909999999999,764.1449166666666,6,2,0
2018-07-01,9847,-3384.0,103.4493,0.1151999999999873,802.455,16.698000000000093,13231.0,10819.0,8586.0,10148.0,12575.0,9824.0,8050.0,1342.0,477.0,1.422300000000007,-0.1363999999999947,1.8284999999999911,0.0177000000000049,-0.081000000000003,-0.0167000000000001,785.757,785.757,785.757,773.144,773.144,773.144,785.757,779.4504999999999,767.333,7,3,0
2018-08-01,14118,4271.0,105.4633,2.01400000000001,802.455,0.0,9847.0,11889.0,9336.0,7118.0,10765.0,10091.0,11189.0,-3384.0,1070.0,0.1151999999999873,1.422300000000007,-0.1363999999999947,1.8284999999999911,0.0177000000000049,-0.081000000000003,802.455,785.757,785.757,785.757,773.144,773.144,791.323,784.3356666666667,771.9350000000001,8,3,0
2018-09-01,14489,371.0,106.7367,1.2733999999999952,802.455,0.0,14118.0,13231.0,10342.0,14113.0,10749.0,9521.0,11157.0,4271.0,1342.0,2.01400000000001,0.1151999999999873,1.422300000000007,-0.1363999999999947,1.8284999999999911,0.0177000000000049,802.455,802.455,785.757,785.757,785.757,773.144,796.889,789.2208333333333,776.5370000000001,9,3,0
2018-10-01,10954,-3535.0,108.0462,1.3095,818.904,16.448999999999955,14489.0,9847.0,10819.0,8586.0,10148.0,10913.0,12129.0,371.0,-3384.0,1.2733999999999952,2.01400000000001,0.1151999999999873,1.422300000000007,-0.1363999999999947,1.8284999999999911,802.455,802.455,802.455,785.757,785.757,785.757,802.455,794.1060000000001,781.1390000000001,10,4,1
2018-11-01,11920,966.0,108.3638,0.3175999999999987,818.904,0.0,10954.0,14118.0,11889.0,9336.0,7118.0,8969.0,13108.0,-3535.0,4271.0,1.3095,1.2733999999999952,2.01400000000001,0.1151999999999873,1.422300000000007,-0.1363999999999947,818.904,802.455,802.455,802.455,785.757,785.757,807.9380000000001,799.6305000000001,785.781,11,4,1
2018-12-01,13671,1751.0,111.5026,3.138800000000004,818.904,0.0,11920.0,14489.0,13231.0,10342.0,14113.0,10027.0,14154.0,966.0,371.0,0.3175999999999987,1.3095,1.2733999999999952,2.01400000000001,0.1151999999999873,1.422300000000007,818.904,818.904,802.455,802.455,802.455,785.757,813.4209999999999,805.1550000000001,790.4229999999999,12,4,1
2019-01-01,10176,-3495.0,112.4422,0.9395999999999988,838.831,19.92700000000002,13671.0,10954.0,9847.0,10819.0,8586.0,12575.0,9824.0,1751.0,-3535.0,3.138800000000004,0.3175999999999987,1.3095,1.2733999999999952,2.01400000000001,0.1151999999999873,818.904,818.904,818.904,802.455,802.455,802.455,818.904,810.6795000000001,795.065,1,1,0
2019-02-01,9364,-812.0,112.327,-0.1152000000000015,838.831,0.0,10176.0,11920.0,14118.0,11889.0,9336.0,10765.0,10091.0,-3495.0,966.0,0.9395999999999988,3.138800000000004,0.3175999999999987,1.3095,1.2733999999999952,2.01400000000001,838.831,818.904,818.904,818.904,802.455,802.455,825.5463333333333,816.7421666666665,800.5389166666668,2,1,0
2019-03-01,13415,4051.0,113.3165,0.9895000000000068,838.831,0.0,9364.0,13671.0,14489.0,13231.0,10342.0,10749.0,9521.0,-812.0,1751.0,-0.1152000000000015,0.9395999999999988,3.138800000000004,0.3175999999999987,1.3095,1.2733999999999952,838.831,838.831,818.904,818.904,818.904,802.455,832.1886666666668,822.8048333333332,806.0128333333333,3,1,0
2019-04-01,11304,-2111.0,114.3486,1.0320999999999998,840.28,1.4489999999999554,13415.0,10176.0,10954.0,9847.0,10819.0,10148.0,10913.0,4051.0,-3495.0,0.9895000000000068,-0.1152000000000015,0.9395999999999988,3.138800000000004,0.3175999999999987,1.3095,838.831,838.831,838.831,818.904,818.904,818.904,838.831,828.8675,811.48675,4,2,0
2019-05-01,11165,-139.0,113.9313,-0.4173000000000115,840.28,0.0,11304.0,9364.0,11920.0,14118.0,11889.0,7118.0,8969.0,-2111.0,-812.0,1.0320999999999998,0.9895000000000068,-0.1152000000000015,0.9395999999999988,3.138800000000004,0.3175999999999987,840.28,838.831,838.831,838.831,818.904,818.904,839.314,832.4301666666667,816.0303333333333,5,2,0
2019-06-01,8619,-2546.0,115.7448,1.8135000000000048,840.28,0.0,11165.0,13415.0,13671.0,14489.0,13231.0,14113.0,10027.0,-139.0,4051.0,-0.4173000000000115,1.0320999999999998,0.9895000000000068,-0.1152000000000015,0.9395999999999988,3.138800000000004,840.28,840.28,838.831,838.831,838.831,818.904,839.7969999999999,835.9928333333334,820.5739166666667,6,2,0
2019-07-01,8864,245.0,115.08,-0.6647999999999996,855.028,14.748000000000047,8619.0,11304.0,10176.0,10954.0,9847.0,8586.0,12575.0,-2546.0,-2111.0,1.8135000000000048,-0.4173000000000115,1.0320999999999998,0.9895000000000068,-0.1152000000000015,0.9395999999999988,840.28,840.28,840.28,838.831,838.831,838.831,840.28,839.5554999999999,825.1175000000002,7,3,0
2019-08-01,12485,3621.0,115.2451,0.1650999999999953,855.028,0.0,8864.0,11165.0,9364.0,11920.0,14118.0,9336.0,10765.0,245.0,-139.0,-0.6647999999999996,1.8135000000000048,-0.4173000000000115,1.0320999999999998,0.9895000000000068,-0.1152000000000015,855.028,840.28,840.28,840.28,838.831,838.831,845.1959999999999,842.2550000000001,829.4985833333334,8,3,0
2019-09-01,13035,550.0,115.2785,0.0334000000000003,855.028,0.0,12485.0,8619.0,13415.0,13671.0,14489.0,10342.0,10749.0,3621.0,-2546.0,0.1650999999999953,-0.6647999999999996,1.8135000000000048,-0.4173000000000115,1.0320999999999998,0.9895000000000068,855.028,855.028,840.28,840.28,840.28,838.831,850.1120000000001,844.9545000000002,833.8796666666666,9,3,0
2019-10-01,13919,884.0,116.3612,1.0827000000000029,863.886,8.857999999999947,13035.0,8864.0,11304.0,10176.0,10954.0,10819.0,10148.0,550.0,245.0,0.0334000000000003,0.1650999999999953,-0.6647999999999996,1.8135000000000048,-0.4173000000000115,1.0320999999999998,855.028,855.028,855.028,840.28,840.28,840.28,855.028,847.654,838.2607499999999,10,4,1
2019-11-01,7653,-6266.0,116.3754,0.0142000000000024,863.886,0.0,13919.0,12485.0,11165.0,9364.0,11920.0,11889.0,7118.0,884.0,3621.0,1.0827000000000029,0.0334000000000003,0.1650999999999953,-0.6647999999999996,1.8135000000000048,-0.4173000000000115,863.886,855.028,855.028,855.028,840.28,840.28,857.9806666666667,851.5883333333335,842.0092500000001,11,4,1
2019-12-01,17465,9812.0,117.3236,0.9482,863.886,0.0,7653.0,13035.0,8619.0,13415.0,13671.0,13231.0,14113.0,-6266.0,550.0,0.0142000000000024,1.0827000000000029,0.0334000000000003,0.1650999999999953,-0.6647999999999996,1.8135000000000048,863.886,863.886,855.028,855.028,855.028,840.28,860.9333333333334,855.5226666666666,845.7577500000001,12,4,1
2020-01-01,12704,-4761.0,113.0986,-4.224999999999994,872.027,8.141000000000076,17465.0,13919.0,8864.0,11304.0,10176.0,9847.0,8586.0,9812.0,884.0,0.9482,0.0142000000000024,1.0827000000000029,0.0334000000000003,0.1650999999999953,-0.6647999999999996,863.886,863.886,863.886,855.028,855.028,855.028,863.886,859.457,849.50625,1,1,0
2020-02-01,17869,5165.0,114.4561,1.3575000000000017,872.027,0.0,12704.0,7653.0,12485.0,11165.0,9364.0,14118.0,9336.0,-4761.0,-6266.0,-4.224999999999994,0.9482,0.0142000000000024,1.0827000000000029,0.0334000000000003,0.1650999999999953,872.027,863.886,863.886,863.886,855.028,855.028,866.5996666666666,862.2901666666667,852.2725833333334,2,1,0
2020-03-01,18068,199.0,112.7994,-1.6567000000000007,872.027,0.0,17869.0,17465.0,13035.0,8619.0,13415.0,14489.0,10342.0,5165.0,9812.0,1.3575000000000017,-4.224999999999994,0.9482,0.0142000000000024,1.0827000000000029,0.0334000000000003,872.027,872.027,863.886,863.886,863.886,855.028,869.3133333333334,865.1233333333333,855.0389166666668,3,1,0
2020-04-01,13301,-4767.0,99.3349,-13.4645,872.625,0.5979999999999563,18068.0,12704.0,13919.0,8864.0,11304.0,10954.0,10819.0,199.0,-4761.0,-1.6567000000000007,1.3575000000000017,-4.224999999999994,0.9482,0.0142000000000024,1.0827000000000029,872.027,872.027,872.027,863.886,863.886,863.886,872.027,867.9565000000001,857.80525,4,2,0
2020-05-01,14456,1155.0,105.8368,6.501899999999992,872.625,0.0,13301.0,17869.0,7653.0,12485.0,11165.0,11920.0,11889.0,-4767.0,5165.0,-13.4645,-1.6567000000000007,1.3575000000000017,-4.224999999999994,0.9482,0.0142000000000024,872.625,872.027,872.027,872.027,863.886,863.886,872.2263333333334,869.413,860.5006666666668,5,2,0
2020-06-01,13839,-617.0,106.0128,0.1760000000000019,872.625,0.0,14456.0,18068.0,17465.0,13035.0,8619.0,13671.0,13231.0,1155.0,199.0,6.501899999999992,-13.4645,-1.6567000000000007,1.3575000000000017,-4.224999999999994,0.9482,872.625,872.625,872.027,872.027,872.027,863.886,872.4256666666666,870.8695000000001,863.1960833333333,6,2,0
2020-07-01,14886,1047.0,105.6183,-0.3944999999999936,879.913,7.288000000000011,13839.0,13301.0,12704.0,13919.0,8864.0,10176.0,9847.0,-617.0,-4767.0,0.1760000000000019,6.501899999999992,-13.4645,-1.6567000000000007,1.3575000000000017,-4.224999999999994,872.625,872.625,872.625,872.027,872.027,872.027,872.625,872.326,865.8915000000001,7,3,0
2020-08-01,15140,254.0,106.9941,1.375799999999998,879.913,0.0,14886.0,14456.0,17869.0,7653.0,12485.0,9364.0,14118.0,1047.0,1155.0,-0.3944999999999936,0.1760000000000019,6.501899999999992,-13.4645,-1.6567000000000007,1.3575000000000017,879.913,872.625,872.625,872.625,872.027,872.027,875.0543333333334,873.6403333333333,867.9652500000001,8,3,0
2020-09-01,10888,-4252.0,106.6675,-0.3265999999999991,879.913,0.0,15140.0,13839.0,18068.0,17465.0,13035.0,13415.0,14489.0,254.0,-617.0,1.375799999999998,-0.3944999999999936,0.1760000000000019,6.501899999999992,-13.4645,-1.6567000000000007,879.913,879.913,872.625,872.625,872.625,872.027,877.4836666666666,874.9546666666666,870.0390000000001,9,3,0
2020-10-01,14337,3449.0,108.0559,1.38839999999999,914.888,34.97500000000002,10888.0,14886.0,13301.0,12704.0,13919.0,11304.0,10954.0,-4252.0,1047.0,-0.3265999999999991,1.375799999999998,-0.3944999999999936,0.1760000000000019,6.501899999999992,-13.4645,879.913,879.913,879.913,872.625,872.625,872.625,879.913,876.2689999999999,872.1127500000001,10,4,1
2020-11-01,13851,-486.0,108.7395,0.6836000000000126,914.888,0.0,14337.0,15140.0,14456.0,17869.0,7653.0,11165.0,11920.0,3449.0,254.0,1.38839999999999,-0.3265999999999991,1.375799999999998,-0.3944999999999936,0.1760000000000019,6.501899999999992,914.888,879.913,879.913,879.913,872.625,872.625,891.5713333333333,883.3128333333333,876.3629166666666,11,4,1
2020-12-01,13331,-520.0,106.9925,-1.747,914.888,0.0,13851.0,10888.0,13839.0,18068.0,17465.0,8619.0,13671.0,-486.0,-4252.0,0.6836000000000126,1.38839999999999,-0.3265999999999991,1.375799999999998,-0.3944999999999936,0.1760000000000019,914.888,914.888,879.913,879.913,879.913,872.625,903.2296666666667,890.3566666666666,880.6130833333333,12,4,1
2021-01-01,14764,1433.0,110.1416,3.14909999999999,906.146,-8.742000000000075,13331.0,14337.0,14886.0,13301.0,12704.0,8864.0,10176.0,-520.0,3449.0,-1.747,0.6836000000000126,1.38839999999999,-0.3265999999999991,1.375799999999998,-0.3944999999999936,914.888,914.888,914.888,879.913,879.913,879.913,914.888,897.4005000000001,884.86325,1,1,0
2021-02-01,13974,-790.0,109.0959,-1.0456999999999963,906.146,0.0,14764.0,13851.0,15140.0,14456.0,17869.0,12485.0,9364.0,1433.0,-486.0,3.14909999999999,-1.747,0.6836000000000126,1.38839999999999,-0.3265999999999991,1.375799999999998,906.146,914.888,914.888,914.888,879.913,879.913,911.974,901.7726666666667,887.7064999999999,2,1,0
2021-03-01,15420,1446.0,111.5581,2.462199999999996,906.146,0.0,13974.0,13331.0,10888.0,13839.0,18068.0,13035.0,13415.0,-790.0,-520.0,-1.0456999999999963,3.14909999999999,-1.747,0.6836000000000126,1.38839999999999,-0.3265999999999991,906.146,906.146,914.888,914.888,914.888,879.913,909.06,906.1448333333333,890.5497500000001,3,1,0
2021-04-01,12498,-2922.0,110.3263,-1.231799999999993,907.945,1.799000000000092,15420.0,14764.0,14337.0,14886.0,13301.0,13919.0,11304.0,1446.0,1433.0,2.462199999999996,-1.0456999999999963,3.14909999999999,-1.747,0.6836000000000126,1.38839999999999,906.146,906.146,906.146,914.888,914.888,914.888,906.146,910.5169999999999,893.3929999999999,4,2,0
2021-05-01,11537,-961.0,108.7078,-1.6184999999999974,907.945,0.0,12498.0,13974.0,13851.0,15140.0,14456.0,7653.0,11165.0,-2922.0,-790.0,-1.231799999999993,2.462199999999996,-1.0456999999999963,3.14909999999999,-1.747,0.6836000000000126,907.945,906.146,906.146,906.146,914.888,914.888,906.7456666666667,909.3598333333334,896.3363333333333,5,2,0
2021-06-01,12426,889.0,110.018,1.3101999999999947,907.945,0.0,11537.0,15420.0,13331.0,10888.0,13839.0,17465.0,8619.0,-961.0,1446.0,-1.6184999999999974,-1.231799999999993,2.462199999999996,-1.0456999999999963,3.14909999999999,-1.747,907.945,907.945,906.146,906.146,906.146,914.888,907.3453333333333,908.2026666666667,899.2796666666668,6,2,0
2021-07-01,12648,222.0,110.9071,0.8890999999999991,908.687,0.7419999999999618,12426.0,12498.0,14764.0,14337.0,14886.0,12704.0,8864.0,889.0,-2922.0,1.3101999999999947,-1.6184999999999974,-1.231799999999993,2.462199999999996,-1.0456999999999963,3.14909999999999,907.945,907.945,907.945,906.146,906.146,906.146,907.945,907.0454999999998,902.223,7,3,0
2021-08-01,10662,-1986.0,109.0786,-1.8285000000000051,908.687,0.0,12648.0,11537.0,13974.0,13851.0,15140.0,17869.0,12485.0,222.0,-961.0,0.8890999999999991,1.3101999999999947,-1.6184999999999974,-1.231799999999993,2.462199999999996,-1.0456999999999963,908.687,907.945,907.945,907.945,906.146,906.146,908.1923333333334,907.469,904.6208333333334,8,3,0
2021-09-01,11772,1110.0,106.547,-2.5315999999999974,908.687,0.0,10662.0,12426.0,15420.0,13331.0,10888.0,18068.0,13035.0,-1986.0,889.0,-1.8285000000000051,0.8890999999999991,1.3101999999999947,-1.6184999999999974,-1.231799999999993,2.462199999999996,908.687,908.687,907.945,907.945,907.945,906.146,908.4396666666667,907.8925,907.0186666666667,9,3,0
2021-10-01,11209,-563.0,106.5692,0.022199999999998,913.601,4.913999999999987,11772.0,12648.0,12498.0,14764.0,14337.0,13301.0,13919.0,1110.0,222.0,-2.5315999999999974,-1.8285000000000051,0.8890999999999991,1.3101999999999947,-1.6184999999999974,-1.231799999999993,908.687,908.687,908.687,907.945,907.945,907.945,908.687,908.3160000000001,909.4164999999999,10,4,1
2021-11-01,10687,-522.0,105.3374,-1.231799999999993,913.601,0.0,11209.0,10662.0,11537.0,13974.0,13851.0,14456.0,7653.0,-563.0,-1986.0,0.022199999999998,-2.5315999999999974,-1.8285000000000051,0.8890999999999991,1.3101999999999947,-1.6184999999999974,913.601,908.687,908.687,908.687,907.945,907.945,910.3250000000002,909.2586666666666,909.3092500000001,11,4,1
2021-12-01,10719,32.0,103.0028,-2.334600000000009,913.601,0.0,10687.0,11772.0,12426.0,15420.0,13331.0,13839.0,17465.0,-522.0,1110.0,-1.231799999999993,0.022199999999998,-2.5315999999999974,-1.8285000000000051,0.8890999999999991,1.3101999999999947,913.601,913.601,908.687,908.687,908.687,907.945,911.9630000000001,910.2013333333334,909.2019999999999,12,4,1
2022-01-01,10369,-350.0,100.2031,-2.799699999999987,905.104,-8.496999999999957,10719.0,11209.0,12648.0,12498.0,14764.0,14886.0,12704.0,32.0,-563.0,-2.334600000000009,-1.231799999999993,0.022199999999998,-2.5315999999999974,-1.8285000000000051,0.8890999999999991,913.601,913.601,913.601,908.687,908.687,908.687,913.601,911.1440000000001,909.0947500000001,1,1,0
2022-02-01,11789,1420.0,101.8391,1.6359999999999957,905.104,0.0,10369.0,10687.0,10662.0,11537.0,13974.0,15140.0,17869.0,-350.0,-522.0,-2.799699999999987,-2.334600000000009,-1.231799999999993,0.022199999999998,-2.5315999999999974,-1.8285000000000051,905.104,913.601,913.601,913.601,908.687,908.687,910.7686666666667,910.5468333333333,909.0079166666668,2,1,0
2022-03-01,11347,-442.0,100.3969,-1.4421999999999997,905.104,0.0,11789.0,10719.0,11772.0,12426.0,15420.0,10888.0,18068.0,1420.0,32.0,1.6359999999999957,-2.799699999999987,-2.334600000000009,-1.231799999999993,0.022199999999998,-2.5315999999999974,905.104,905.104,913.601,913.601,913.601,908.687,907.9363333333334,909.9496666666668,908.9210833333333,3,1,0
2022-04-01,10076,-1271.0,101.7524,1.3554999999999922,929.002,23.89799999999991,11347.0,10369.0,11209.0,12648.0,12498.0,14337.0,13301.0,-442.0,-350.0,-1.4421999999999997,1.6359999999999957,-2.799699999999987,-2.334600000000009,-1.231799999999993,0.022199999999998,905.104,905.104,905.104,913.601,913.601,913.601,905.104,909.3525,908.83425,4,2,0
2022-05-01,10687,611.0,99.2145,-2.5378999999999934,929.002,0.0,10076.0,11789.0,10687.0,10662.0,11537.0,13851.0,14456.0,-1271.0,1420.0,1.3554999999999922,-1.4421999999999997,1.6359999999999957,-2.799699999999987,-2.334600000000009,-1.231799999999993,929.002,905.104,905.104,905.104,913.601,913.601,913.07,911.9193333333334,910.5889999999999,5,2,0
2022-06-01,10545,-142.0,97.7505,-1.4639999999999986,929.002,0.0,10687.0,11347.0,10719.0,11772.0,12426.0,13331.0,13839.0,611.0,-442.0,-2.5378999999999934,1.3554999999999922,-1.4421999999999997,1.6359999999999957,-2.799699999999987,-2.334600000000009,929.002,929.002,905.104,905.104,905.104,913.601,921.0360000000001,914.4861666666666,912.34375,6,2,0
2022-07-01,11261,716.0,98.3546,0.6041000000000025,928.551,-0.4509999999999081,10545.0,10076.0,10369.0,11209.0,12648.0,14764.0,14886.0,-142.0,-1271.0,-1.4639999999999986,-2.5378999999999934,1.3554999999999922,-1.4421999999999997,1.6359999999999957,-2.799699999999987,929.002,929.002,929.002,905.104,905.104,905.104,929.002,917.053,914.0985000000001,7,3,0
2022-08-01,13272,2011.0,99.2956,0.9409999999999884,928.551,0.0,11261.0,10687.0,11789.0,10687.0,10662.0,13974.0,15140.0,716.0,611.0,0.6041000000000025,-1.4639999999999986,-2.5378999999999934,1.3554999999999922,-1.4421999999999997,1.6359999999999957,928.551,929.002,929.002,929.002,905.104,905.104,928.8516666666666,920.9608333333332,915.7538333333333,8,3,0
2022-09-01,9523,-3749.0,99.6988,0.4032000000000124,928.551,0.0,13272.0,10545.0,11347.0,10719.0,11772.0,15420.0,10888.0,2011.0,-142.0,0.9409999999999884,0.6041000000000025,-1.4639999999999986,-2.5378999999999934,1.3554999999999922,-1.4421999999999997,928.551,928.551,929.002,929.002,929.002,905.104,928.7013333333334,924.8686666666667,917.4091666666667,9,3,0
2022-10-01,9719,196.0,101.6407,1.9418999999999895,955.728,27.176999999999907,9523.0,11261.0,10076.0,10369.0,11209.0,12498.0,14337.0,-3749.0,716.0,0.4032000000000124,0.9409999999999884,0.6041000000000025,-1.4639999999999986,-2.5378999999999934,1.3554999999999922,928.551,928.551,928.551,929.002,929.002,929.002,928.551,928.7765,919.0645,10,4,1
2022-11-01,11086,1367.0,102.8896,1.248900000000006,955.728,0.0,9719.0,13272.0,10687.0,11789.0,10687.0,11537.0,13851.0,196.0,2011.0,1.9418999999999895,0.4032000000000124,0.9409999999999884,0.6041000000000025,-1.4639999999999986,-2.5378999999999934,955.728,928.551,928.551,928.551,929.002,929.002,937.61,933.2308333333334,922.5750833333333,11,4,1
2022-12-01,13786,2700.0,103.1889,0.2993000000000023,955.728,0.0,11086.0,9523.0,10545.0,11347.0,10719.0,12426.0,13331.0,1367.0,-3749.0,1.248900000000006,1.9418999999999895,0.4032000000000124,0.9409999999999884,0.6041000000000025,-1.4639999999999986,955.728,955.728,928.551,928.551,928.551,929.002,946.669,937.6851666666666,926.0856666666667,12,4,1
2023-01-01,13435,-351.0,104.3802,1.1912999999999982,975.017,19.2890000000001,13786.0,9719.0,11261.0,10076.0,10369.0,12648.0,14764.0,2700.0,196.0,0.2993000000000023,1.248900000000006,1.9418999999999895,0.4032000000000124,0.9409999999999884,0.6041000000000025,955.728,955.728,955.728,928.551,928.551,928.551,955.728,942.1394999999999,929.59625,1,1,0
2023-02-01,12381,-1054.0,104.0332,-0.3470000000000084,975.017,0.0,13435.0,11086.0,13272.0,10687.0,11789.0,10662.0,13974.0,-351.0,1367.0,1.1912999999999982,0.2993000000000023,1.248900000000006,1.9418999999999895,0.4032000000000124,0.9409999999999884,975.017,955.728,955.728,955.728,928.551,928.551,962.1576666666666,949.8838333333333,935.4223333333333,2,1,0
2023-03-01,12957,576.0,104.454,0.4207999999999998,975.017,0.0,12381.0,13786.0,9523.0,10545.0,11347.0,11772.0,15420.0,-1054.0,2700.0,-0.3470000000000084,1.1912999999999982,0.2993000000000023,1.248900000000006,1.9418999999999895,0.4032000000000124,975.017,975.017,955.728,955.728,955.728,928.551,968.5873333333333,957.6281666666667,941.2484166666667,3,1,0
2023-04-01,17642,4685.0,103.9657,-0.4882999999999953,988.014,12.996999999999955,12957.0,13435.0,9719.0,11261.0,10076.0,11209.0,12498.0,576.0,-351.0,0.4207999999999998,-0.3470000000000084,1.1912999999999982,0.2993000000000023,1.248900000000006,1.9418999999999895,975.017,975.017,975.017,955.728,955.728,955.728,975.017,965.3725,947.0745000000001,4,2,0
2023-05-01,14695,-2947.0,106.2475,2.281800000000004,988.014,0.0,17642.0,12381.0,11086.0,13272.0,10687.0,10687.0,11537.0,4685.0,-1054.0,-0.4882999999999953,0.4207999999999998,-0.3470000000000084,1.1912999999999982,0.2993000000000023,1.248900000000006,988.014,975.017,975.017,975.017,955.728,955.728,979.3493333333334,970.7534999999999,951.9921666666668,5,2,0
2023-06-01,12005,-2690.0,107.1997,0.9522000000000048,988.014,0.0,14695.0,12957.0,13786.0,9523.0,10545.0,10719.0,12426.0,-2947.0,576.0,2.281800000000004,-0.4882999999999953,0.4207999999999998,-0.3470000000000084,1.1912999999999982,0.2993000000000023,988.014,988.014,975.017,975.017,975.017,955.728,983.6816666666667,976.1345000000001,956.9098333333333,6,2,0
2023-07-01,11459,-546.0,108.1728,0.973099999999988,1018.384,30.370000000000005,12005.0,17642.0,13435.0,9719.0,11261.0,10369.0,12648.0,-2690.0,4685.0,0.9522000000000048,2.281800000000004,-0.4882999999999953,0.4207999999999998,-0.3470000000000084,1.1912999999999982,988.014,988.014,988.014,975.017,975.017,975.017,988.014,981.5155000000001,961.8275,7,3,0
2023-08-01,11874,415.0,109.0823,0.9095000000000084,1018.384,0.0,11459.0,14695.0,12381.0,11086.0,13272.0,11789.0,10662.0,-546.0,-2947.0,0.973099999999988,0.9522000000000048,2.281800000000004,-0.4882999999999953,0.4207999999999998,-0.3470000000000084,1018.384,988.014,988.014,988.014,975.017,975.017,998.1373333333332,988.7433333333335,969.3135833333332,8,3,0
2023-09-01,9976,-1898.0,108.4075,-0.6748000000000047,1018.384,0.0,11874.0,12005.0,12957.0,13786.0,9523.0,11347.0,11772.0,415.0,-2690.0,0.9095000000000084,0.973099999999988,0.9522000000000048,2.281800000000004,-0.4882999999999953,0.4207999999999998,1018.384,1018.384,988.014,988.014,988.014,975.017,1008.2606666666667,995.9711666666667,976.7996666666667,9,3,0
2023-10-01,13694,3718.0,108.8393,0.4317999999999955,1034.468,16.08400000000006,9976.0,11459.0,17642.0,13435.0,9719.0,10076.0,11209.0,-1898.0,-546.0,-0.6748000000000047,0.9095000000000084,0.973099999999988,0.9522000000000048,2.281800000000004,-0.4882999999999953,1018.384,1018.384,1018.384,988.014,988.014,988.014,1018.384,1003.1990000000001,984.28575,10,4,1
2023-11-01,12432,-1262.0,109.0181,0.1788000000000096,1034.468,0.0,13694.0,11874.0,14695.0,12381.0,11086.0,10687.0,10687.0,3718.0,415.0,0.4317999999999955,-0.6748000000000047,0.9095000000000084,0.973099999999988,0.9522000000000048,2.281800000000004,1034.468,1018.384,1018.384,1018.384,988.014,988.014,1023.7453333333333,1010.9413333333333,990.8474166666666,11,4,1
2023-12-01,10779,-1653.0,108.0292,-0.988900000000001,1034.468,0.0,12432.0,9976.0,12005.0,12957.0,13786.0,10545.0,10719.0,-1262.0,-1898.0,0.1788000000000096,0.4317999999999955,-0.6748000000000047,0.9095000000000084,0.973099999999988,0.9522000000000048,1034.468,1034.468,1018.384,1018.384,1018.384,988.014,1029.1066666666666,1018.6836666666667,997.4090833333335,12,4,1
2024-01-01,12915,2136.0,107.2648,-0.7644000000000091,1039.649,5.180999999999813,10779.0,13694.0,11459.0,17642.0,13435.0,11261.0,10369.0,-1653.0,3718.0,-0.988900000000001,0.1788000000000096,0.4317999999999955,-0.6748000000000047,0.9095000000000084,0.973099999999988,1034.468,1034.468,1034.468,1018.384,1018.384,1018.384,1034.468,1026.4260000000002,1003.97075,1,1,0
2024-02-01,11864,-1051.0,107.2259,-0.0388999999999981,1039.649,0.0,12915.0,12432.0,11874.0,14695.0,12381.0,13272.0,11789.0,2136.0,-1262.0,-0.7644000000000091,-0.988900000000001,0.1788000000000096,0.4317999999999955,-0.6748000000000047,0.9095000000000084,1039.649,1034.468,1034.468,1034.468,1018.384,1018.384,1036.195,1029.9701666666667,1009.3567499999999,2,1,0
2024-03-01,11611,-253.0,106.8564,-0.3695000000000021,1039.649,0.0,11864.0,10779.0,9976.0,12005.0,12957.0,9523.0,11347.0,-1051.0,-1653.0,-0.0388999999999981,-0.7644000000000091,-0.988900000000001,0.1788000000000096,0.4317999999999955,-0.6748000000000047,1039.649,1039.649,1034.468,1034.468,1034.468,1018.384,1037.922,1033.5143333333333,1014.74275,3,1,0
2024-04-01,12763,1152.0,108.0988,1.2424000000000035,1064.344,24.695000000000164,11611.0,12915.0,13694.0,11459.0,17642.0,9719.0,10076.0,-253.0,2136.0,-0.3695000000000021,-0.0388999999999981,-0.7644000000000091,-0.988900000000001,0.1788000000000096,0.4317999999999955,1039.649,1039.649,1039.649,1034.468,1034.468,1034.468,1039.649,1037.0584999999999,1020.12875,4,2,0
2024-05-01,13156,393.0,107.8451,-0.2536999999999949,1064.344,0.0,12763.0,11864.0,12432.0,11874.0,14695.0,11086.0,10687.0,1152.0,-1051.0,1.2424000000000035,-0.3695000000000021,-0.0388999999999981,-0.7644000000000091,-0.988900000000001,0.1788000000000096,1064.344,1039.649,1039.649,1039.649,1034.468,1034.468,1047.8806666666667,1042.0378333333333,1026.4895833333333,5,2,0
2024-06-01,13960,804.0,108.4625,0.6174000000000035,1064.344,0.0,13156.0,11611.0,10779.0,9976.0,12005.0,13786.0,10545.0,393.0,-253.0,-0.2536999999999949,1.2424000000000035,-0.3695000000000021,-0.0388999999999981,-0.7644000000000091,-0.988900000000001,1064.344,1064.344,1039.649,1039.649,1039.649,1034.468,1056.1123333333333,1047.0171666666668,1032.8504166666667,6,2,0
2024-07-01,14431,471.0,106.7346,-1.727900000000005,1104.161,39.81700000000001,13960.0,12763.0,12915.0,13694.0,11459.0,13435.0,11261.0,804.0,1152.0,0.6174000000000035,-0.2536999999999949,1.2424000000000035,-0.3695000000000021,-0.0388999999999981,-0.7644000000000091,1064.344,1064.344,1064.344,1039.649,1039.649,1039.649,1064.344,1051.9965,1039.21125,7,3,0
2024-08-01,14770,339.0,108.1309,1.3962999999999963,1104.161,0.0,14431.0,13156.0,11864.0,12432.0,11874.0,12381.0,13272.0,471.0,393.0,-1.727900000000005,0.6174000000000035,-0.2536999999999949,1.2424000000000035,-0.3695000000000021,-0.0388999999999981,1104.161,1064.344,1064.344,1064.344,1039.649,1039.649,1077.6163333333334,1062.7485,1046.3593333333336,8,3,0
2024-09-01,16923,2153.0,108.0574,-0.0734999999999956,1104.161,0.0,14770.0,13960.0,11611.0,10779.0,9976.0,12957.0,9523.0,339.0,804.0,1.3962999999999963,-1.727900000000005,0.6174000000000035,-0.2536999999999949,1.2424000000000035,-0.3695000000000021,1104.161,1104.161,1064.344,1064.344,1064.344,1039.649,1090.8886666666667,1073.5005,1053.5074166666666,9,3,0
2024-10-01,17087,164.0,109.1592,1.1017999999999972,1122.731,18.569999999999936,16923.0,14431.0,12763.0,12915.0,13694.0,17642.0,9719.0,2153.0,471.0,-0.0734999999999956,1.3962999999999963,-1.727900000000005,0.6174000000000035,-0.2536999999999949,1.2424000000000035,1104.161,1104.161,1104.161,1064.344,1064.344,1064.344,1104.161,1084.2525,1060.6555,10,4,1
2024-11-01,14120,-2967.0,108.0844,-1.0747999999999962,1122.731,0.0,17087.0,14770.0,13156.0,11864.0,12432.0,14695.0,11086.0,164.0,339.0,1.1017999999999972,-0.0734999999999956,1.3962999999999963,-1.727900000000005,0.6174000000000035,-0.2536999999999949,1122.731,1104.161,1104.161,1104.161,1064.344,1064.344,1110.3509999999999,1093.9836666666667,1068.0107500000001,11,4,1
2024-12-01,14725,605.0,109.4069,1.322499999999991,1122.731,0.0,14120.0,16923.0,13960.0,11611.0,10779.0,12005.0,13786.0,-2967.0,2153.0,-1.0747999999999962,1.1017999999999972,-0.0734999999999956,1.3962999999999963,-1.727900000000005,0.6174000000000035,1122.731,1122.731,1104.161,1104.161,1104.161,1064.344,1116.541,1103.7148333333334,1075.366,12,4,1
2025-01-01,12820,-1905.0,109.4798,0.0729000000000041,1116.611,-6.119999999999891,14725.0,17087.0,14431.0,12763.0,12915.0,11459.0,13435.0,605.0,164.0,1.322499999999991,-1.0747999999999962,1.1017999999999972,-0.0734999999999956,1.3962999999999963,-1.727900000000005,1122.731,1122.731,1122.731,1104.161,1104.161,1104.161,1122.731,1113.4460000000001,1082.72125,1,1,0
2025-02-01,12735,-85.0,110.2092,0.7293999999999983,1116.611,0.0,12820.0,14120.0,14770.0,13156.0,11864.0,11874.0,12381.0,-1905.0,-2967.0,0.0729000000000041,1.322499999999991,-1.0747999999999962,1.1017999999999972,-0.0734999999999956,1.3962999999999963,1116.611,1122.731,1122.731,1122.731,1104.161,1104.161,1120.691,1115.521,1089.1347500000002,2,1,0
2025-03-01,10823,-1912.0,110.5744,0.3652000000000015,1116.611,0.0,12735.0,14725.0,16923.0,13960.0,11611.0,9976.0,12957.0,-85.0,605.0,0.7293999999999983,0.0729000000000041,1.322499999999991,-1.0747999999999962,1.1017999999999972,-0.0734999999999956,1116.611,1116.611,1122.731,1122.731,1122.731,1104.161,1118.651,1117.596,1095.54825,3,1,0
2025-04-01,13719,2896.0,109.08,-1.4943999999999988,1135.765,19.154,10823.0,12820.0,17087.0,14431.0,12763.0,13694.0,17642.0,-1912.0,-1905.0,0.3652000000000015,0.7293999999999983,0.0729000000000041,1.322499999999991,-1.0747999999999962,1.1017999999999972,1116.611,1116.611,1116.611,1122.731,1122.731,1122.731,1116.611,1119.671,1101.9617500000002,4,2,0
2025-05-01,19355,5636.0,108.6648,-0.4151999999999987,1135.765,0.0,13719.0,12735.0,14120.0,14770.0,13156.0,12432.0,14695.0,2896.0,-85.0,-1.4943999999999988,0.3652000000000015,0.7293999999999983,0.0729000000000041,1.322499999999991,-1.0747999999999962,1135.765,1116.611,1116.611,1116.611,1122.731,1122.731,1122.9956666666667,1121.8433333333335,1107.9134999999999,5,2,0
2025-06-01,17229,-2126.0,109.9333,1.268500000000003,1135.765,0.0,19355.0,10823.0,14725.0,16923.0,13960.0,10779.0,12005.0,5636.0,-1912.0,-0.4151999999999987,-1.4943999999999988,0.3652000000000015,0.7293999999999983,0.0729000000000041,1.322499999999991,1135.765,1135.765,1116.611,1116.611,1116.611,1122.731,1129.3803333333335,1124.0156666666667,1113.86525,6,2,0
2025-07-01,15263,-1966.0,112.851,2.9176999999999964,1161.912,26.14699999999993,17229.0,13719.0,12820.0,17087.0,14431.0,12915.0,11459.0,-2126.0,2896.0,1.268500000000003,-0.4151999999999987,-1.4943999999999988,0.3652000000000015,0.7293999999999983,0.0729000000000041,1135.765,1135.765,1135.765,1116.611,1116.611,1116.611,1135.765,1126.188,1119.817,7,3,0
2025-08-01,16013,750.0,111.732,-1.1189999999999998,1161.912,0.0,15263.0,19355.0,12735.0,14120.0,14770.0,11864.0,11874.0,-1966.0,5636.0,2.9176999999999964,1.268500000000003,-0.4151999999999987,-1.4943999999999988,0.3652000000000015,0.7293999999999983,1161.912,1135.765,1135.765,1135.765,1116.611,1116.611,1144.4806666666666,1133.7381666666668,1124.6295833333334,8,3,0
2025-09-01,19906,3893.0,111.3785,-0.3534999999999968,1161.912,0.0,16013.0,17229.0,10823.0,14725.0,16923.0,11611.0,9976.0,750.0,-2126.0,-1.1189999999999998,2.9176999999999964,1.268500000000003,-0.4151999999999987,-1.4943999999999988,0.3652000000000015,1161.912,1161.912,1135.765,1135.765,1135.765,1116.611,1153.1963333333333,1141.2883333333334,1129.4421666666667,9,3,0
2025-10-01,17282,-2624.0,112.9868,1.6082999999999998,1159.184,-2.728000000000065,19906.0,15263.0,13719.0,12820.0,17087.0,12763.0,13694.0,3893.0,-1966.0,-0.3534999999999968,-1.1189999999999998,2.9176999999999964,1.268500000000003,-0.4151999999999987,-1.4943999999999988,1161.912,1161.912,1161.912,1135.765,1135.765,1135.765,1161.912,1148.8385,1134.25475,10,4,1
2025-11-01,15435,-1847.0,111.7578,-1.2289999999999992,1159.184,0.0,17282.0,16013.0,19355.0,12735.0,14120.0,13156.0,12432.0,-2624.0,750.0,1.6082999999999998,-0.3534999999999968,-1.1189999999999998,2.9176999999999964,1.268500000000003,-0.4151999999999987,1159.184,1161.912,1161.912,1161.912,1135.765,1135.765,1161.0026666666665,1152.7416666666668,1137.2925,11,4,1
2025-12-01,18774,3339.0,112.9629,1.2051000000000016,1159.184,0.0,15435.0,19906.0,17229.0,10823.0,14725.0,13960.0,10779.0,-1847.0,3893.0,-1.2289999999999992,1.6082999999999998,-0.3534999999999968,-1.1189999999999998,2.9176999999999964,1.268500000000003,1159.184,1159.184,1161.912,1161.912,1161.912,1135.765,1160.0933333333332,1156.6448333333335,1140.33025,12,4,1
